city	job_id	title	company	salary_low	salary_high	edu	exp	tags	company_tier
厦门	job_00000	Android开发	某科技有限公司	17	22	大专	应届	CI/CD;PyTorch	成长型企业
上海	job_00001	UI设计师	字节跳动	16	25	硕士	应届	Spring;Flask;Linux;Nginx;Git	头部大厂
苏州	job_00002	前端开发工程师	蚂蚁集团	6	26	大专	应届	Flink;Node.js;Docker;Linux;Python;Java	头部大厂
武汉	job_00003	Python工程师	快手	21	46	硕士	应届	Angular;TensorFlow;Git	头部大厂
上海	job_00004	iOS开发	华为	27	41	大专	5-10年	Hadoop;MongoDB;Git	头部大厂
上海	job_00005	Java开发工程师	哔哩哔哩	23	40	不限	1-3年	CI/CD;Redis	头部大厂
北京	job_00006	Android开发	网易	20	27	不限	1-3年	TensorFlow;Docker;Angular;Redis;Git;Kubernetes	头部大厂
成都	job_00007	UI设计师	哔哩哔哩	8	32	本科	5-10年	Django;Spring;Go;Git;MongoDB;Angular	头部大厂
北京	job_00008	产品经理	字节跳动	18	27	大专	1年	Flask;Spring;Node.js;Kubernetes;Java	头部大厂
上海	job_00009	Go开发工程师	哔哩哔哩	22	43	本科	应届	Git;Nginx;CI/CD	头部大厂
深圳	job_00010	C++开发工程师	阿里巴巴	16	41	本科	5-10年	Django;Java;React;Node.js;Spring;MySQL	头部大厂
深圳	job_00011	测试工程师	某科技有限公司	21	30	大专	1年	Angular;Docker	成长型企业
深圳	job_00012	Java开发工程师	微软中国	11	36	硕士	1-3年	Django;Node.js;Flask;PyTorch;React;Go	中大型企业
天津	job_00013	UI设计师	网易	6	17	不限	3-5年	TensorFlow;Redis;Kubernetes;Git;Flink	头部大厂
重庆	job_00014	Go开发工程师	快手	30	44	硕士	1年	Spring;Vue;CI/CD;Redis;Go	头部大厂
重庆	job_00015	测试工程师	华为	26	48	硕士	1年	PyTorch;Linux;Python;Java	头部大厂
深圳	job_00016	Go开发工程师	微软中国	22	36	大专	3-5年	PyTorch;MongoDB;Flink;Linux	中大型企业
重庆	job_00017	产品经理	蚂蚁集团	26	46	不限	1年	Kubernetes;Spring	头部大厂
厦门	job_00018	安全工程师	某科技有限公司	24	48	不限	应届	Java;Nginx;Redis	成长型企业
青岛	job_00019	C++开发工程师	网易	9	24	大专	1-3年	Spark;CI/CD;Python;Git;PyTorch	头部大厂
厦门	job_00020	产品经理	创业团队	26	33	大专	3-5年	Spark;TensorFlow;Django	中小-初创
西安	job_00021	数据分析师	某科技有限公司	25	42	硕士	5-10年	MySQL;Flask;Java;Vue;Spring	成长型企业
苏州	job_00022	前端开发工程师	阿里巴巴	22	39	大专	3-5年	Node.js;Docker;Django;MongoDB;Vue;Hadoop	头部大厂
青岛	job_00023	数据分析师	百度	15	39	大专	应届	Linux;Django;PyTorch;Docker;Flink	头部大厂
广州	job_00024	算法工程师	小米	17	27	不限	3-5年	Java;Kubernetes;Hadoop	头部大厂
重庆	job_00025	UI设计师	百度	18	31	不限	1-3年	Hadoop;Linux	头部大厂
北京	job_00026	Android开发	蚂蚁集团	13	24	本科	3-5年	Docker;TensorFlow;Flask;Spark	头部大厂
上海	job_00027	算法工程师	快手	18	31	硕士	1-3年	Git;Hadoop;Python;Django	头部大厂
广州	job_00028	iOS开发	美团	15	22	大专	应届	MongoDB;Java;Nginx;CI/CD;Python	头部大厂
重庆	job_00029	前端开发工程师	网易	11	32	大专	3-5年	Spark;React;Java;Python	头部大厂
武汉	job_00030	Java开发工程师	字节跳动	8	23	硕士	1年	Django;Hadoop;Nginx;Spark;Kubernetes	头部大厂
成都	job_00031	Python工程师	创业团队	9	23	本科	5-10年	Django;Python;Kubernetes;Angular	中小-初创
深圳	job_00032	产品经理	微软中国	15	32	不限	5-10年	Go;TensorFlow;Git;Redis;Flink;Spark	中大型企业
成都	job_00033	测试工程师	创业团队	24	30	大专	3-5年	React;Nginx;Flink	中小-初创
长沙	job_00034	安全工程师	IBM	5	26	大专	应届	CI/CD;Redis;Django;Spring	中大型企业
北京	job_00035	全栈工程师	华为	9	34	硕士	应届	CI/CD;Kubernetes;Java;MongoDB;Node.js;Flink	头部大厂
长沙	job_00036	数据分析师	美团	6	29	大专	1年	Angular;Django;Flink;Spark;Kubernetes	头部大厂
上海	job_00037	UI设计师	创业团队	13	38	大专	1年	Nginx;Python;Node.js;Hadoop;Kubernetes;Django	中小-初创
西安	job_00038	Go开发工程师	京东	25	33	硕士	1年	Node.js;Hadoop	头部大厂
深圳	job_00039	C++开发工程师	快手	10	26	大专	应届	Flink;Docker;Spark;CI/CD;Node.js;TensorFlow	头部大厂
苏州	job_00040	产品经理	百度	18	34	本科	1年	Nginx;Angular;Java;Go;MongoDB	头部大厂
南京	job_00041	iOS开发	哔哩哔哩	14	26	大专	5-10年	PyTorch;Spark;Linux;Flink	头部大厂
苏州	job_00042	运维工程师	创业团队	22	39	不限	应届	MySQL;Nginx;Node.js	中小-初创
西安	job_00043	安全工程师	百度	19	24	大专	应届	Vue;Go;Spark;Linux;Hadoop;Django	头部大厂
长沙	job_00044	安全工程师	蚂蚁集团	25	41	本科	1年	Redis;MySQL;Vue	头部大厂
南京	job_00045	Android开发	百度	10	23	本科	3-5年	Hadoop;MongoDB;Kubernetes;Java	头部大厂
苏州	job_00046	数据分析师	腾讯科技	26	34	硕士	1-3年	MongoDB;Docker;Redis;Go;Hadoop;Java	头部大厂
上海	job_00047	Android开发	阿里巴巴	12	20	不限	5-10年	Flask;CI/CD;PyTorch;MongoDB;Node.js;Linux	头部大厂
深圳	job_00048	iOS开发	拼多多	30	36	硕士	5-10年	Angular;TensorFlow;Go;React;Flink;Kubernetes	头部大厂
长沙	job_00049	安全工程师	XX咨询有限公司	19	32	本科	5-10年	Linux;Flink;React;PyTorch;MongoDB	成长型企业
上海	job_00050	安全工程师	拼多多	26	47	本科	1-3年	Python;Java;TensorFlow;Nginx;Vue	头部大厂
西安	job_00051	Android开发	创业团队	21	41	硕士	应届	PyTorch;Python;Node.js	中小-初创
厦门	job_00052	安全工程师	某科技有限公司	20	32	不限	1年	MongoDB;Git	成长型企业
杭州	job_00053	Java开发工程师	字节跳动	16	36	硕士	3-5年	Hadoop;CI/CD;Go;Flink;Docker;MongoDB	头部大厂
重庆	job_00054	全栈工程师	微软中国	10	19	硕士	应届	MongoDB;Spark;Django;Go;Python	中大型企业
南京	job_00055	UI设计师	京东	12	19	不限	5-10年	MySQL;Git;Node.js;Flink	头部大厂
杭州	job_00056	C++开发工程师	百度	9	23	不限	5-10年	MySQL;Node.js;Hadoop	头部大厂
西安	job_00057	Java开发工程师	字节跳动	15	27	本科	1年	CI/CD;PyTorch	头部大厂
杭州	job_00058	Java开发工程师	某科技有限公司	17	25	不限	5-10年	PyTorch;Vue;MySQL;Java;Docker;Go	成长型企业
广州	job_00059	全栈工程师	字节跳动	5	17	硕士	1-3年	Go;CI/CD	头部大厂
上海	job_00060	全栈工程师	腾讯科技	30	39	大专	3-5年	Kubernetes;Git;React	头部大厂
成都	job_00061	数据分析师	微软中国	6	23	本科	1年	Hadoop;Java	中大型企业
深圳	job_00062	全栈工程师	快手	13	26	不限	1-3年	Nginx;Hadoop;Linux	头部大厂
重庆	job_00063	运维工程师	华为	11	25	本科	5-10年	TensorFlow;Hadoop;Vue	头部大厂
上海	job_00064	测试工程师	百度	17	31	本科	1年	MongoDB;Redis;Flask;Spark	头部大厂
成都	job_00065	UI设计师	XX咨询有限公司	7	29	不限	应届	Angular;Java;Spring;Spark	成长型企业
上海	job_00066	iOS开发	微软中国	29	38	大专	应届	Go;Java;Node.js;React;Redis;Linux	中大型企业
武汉	job_00067	Go开发工程师	字节跳动	29	49	硕士	1-3年	Spark;Git	头部大厂
苏州	job_00068	Python工程师	蚂蚁集团	17	34	不限	5-10年	TensorFlow;Spring;Angular	头部大厂
武汉	job_00069	全栈工程师	网易	27	34	不限	应届	React;Spark;Angular	头部大厂
杭州	job_00070	运维工程师	微软中国	23	29	本科	1-3年	CI/CD;Nginx;React;Vue;Python;Git	中大型企业
广州	job_00071	UI设计师	京东	19	31	硕士	应届	Python;MySQL;Git	头部大厂
深圳	job_00072	Python工程师	阿里巴巴	24	37	本科	3-5年	Django;TensorFlow;Nginx;Kubernetes;Go;CI/CD	头部大厂
苏州	job_00073	Go开发工程师	快手	27	45	大专	1-3年	Git;Node.js;Redis;Nginx	头部大厂
厦门	job_00074	算法工程师	网易	23	42	不限	5-10年	MySQL;Java	头部大厂
成都	job_00075	运维工程师	美团	22	33	硕士	1年	PyTorch;Git;Kubernetes;Flask	头部大厂
广州	job_00076	Python工程师	腾讯科技	21	40	不限	应届	Hadoop;Kubernetes;Redis;Go;Django	头部大厂
杭州	job_00077	测试工程师	京东	19	26	本科	应届	Redis;Hadoop;Go;Java;Docker;PyTorch	头部大厂
苏州	job_00078	安全工程师	拼多多	6	21	不限	应届	Node.js;Linux;Kubernetes;MongoDB;Flask;CI/CD	头部大厂
苏州	job_00079	测试工程师	蚂蚁集团	22	39	大专	1年	Go;CI/CD	头部大厂
重庆	job_00080	Go开发工程师	微软中国	11	21	硕士	5-10年	React;Git	中大型企业
深圳	job_00081	iOS开发	美团	16	26	不限	1年	Nginx;Go;Flink	头部大厂
厦门	job_00082	iOS开发	美团	7	32	硕士	应届	Django;Redis;Spring;Nginx;Go	头部大厂
武汉	job_00083	iOS开发	微软中国	19	32	不限	5-10年	Node.js;Java;PyTorch;Docker;Python	中大型企业
深圳	job_00084	C++开发工程师	京东	30	38	硕士	1-3年	Django;CI/CD;Flink	头部大厂
武汉	job_00085	C++开发工程师	阿里巴巴	20	43	不限	1年	Linux;Hadoop	头部大厂
南京	job_00086	Go开发工程师	快手	27	51	大专	3-5年	Docker;Kubernetes;Spark;Spring;Git	头部大厂
长沙	job_00087	iOS开发	蚂蚁集团	15	22	不限	1年	Git;Hadoop;Angular	头部大厂
天津	job_00088	UI设计师	字节跳动	10	34	硕士	3-5年	Linux;Vue;Kubernetes;Spring	头部大厂
青岛	job_00089	UI设计师	IBM	24	45	大专	3-5年	Docker;Nginx;CI/CD;MongoDB;Go	中大型企业
杭州	job_00090	Go开发工程师	京东	15	30	大专	1-3年	CI/CD;Go;Git	头部大厂
苏州	job_00091	Android开发	小米	14	20	硕士	3-5年	Go;CI/CD;Spring	头部大厂
苏州	job_00092	iOS开发	百度	20	26	不限	1年	Python;Flask	头部大厂
广州	job_00093	算法工程师	微软中国	26	45	本科	5-10年	Redis;Kubernetes;Hadoop;CI/CD	中大型企业
广州	job_00094	Android开发	蚂蚁集团	20	37	硕士	5-10年	CI/CD;Nginx;Kubernetes;Linux;Angular	头部大厂
西安	job_00095	测试工程师	字节跳动	17	36	硕士	应届	Vue;Git;Flink	头部大厂
北京	job_00096	数据分析师	网易	19	26	大专	1-3年	Angular;Spark;MySQL;Flask;Vue;Git	头部大厂
天津	job_00097	安全工程师	XX咨询有限公司	19	27	硕士	1年	Java;Nginx	成长型企业
重庆	job_00098	测试工程师	华为	14	29	大专	1-3年	Go;MongoDB;Spring;Kubernetes;Spark	头部大厂
武汉	job_00099	安全工程师	XX咨询有限公司	17	42	大专	1年	Vue;Python;Flink;Docker;Hadoop	成长型企业
西安	job_00100	C++开发工程师	腾讯科技	23	41	本科	应届	MongoDB;Go;Flask;Java;Kubernetes	头部大厂
北京	job_00101	iOS开发	某科技有限公司	10	23	不限	1年	Vue;Docker;React;Flink	成长型企业
苏州	job_00102	运维工程师	哔哩哔哩	26	37	不限	3-5年	Python;Redis;Vue;Spark;Hadoop	头部大厂
成都	job_00103	算法工程师	网易	22	33	本科	3-5年	Angular;PyTorch	头部大厂
长沙	job_00104	数据分析师	蚂蚁集团	8	31	硕士	1年	Node.js;MySQL;TensorFlow;Kubernetes;Flask	头部大厂
长沙	job_00105	Go开发工程师	某科技有限公司	6	12	大专	5-10年	Vue;Kubernetes;Django;Flink	成长型企业
广州	job_00106	数据分析师	IBM	9	34	大专	应届	Node.js;Spring;Linux	中大型企业
杭州	job_00107	数据分析师	快手	15	40	不限	1年	Kubernetes;Spark;Go;Vue	头部大厂
武汉	job_00108	Android开发	京东	22	38	大专	5-10年	Docker;Hadoop;Kubernetes;Vue;Angular;React	头部大厂
武汉	job_00109	UI设计师	蚂蚁集团	15	32	不限	3-5年	React;Hadoop;Python;PyTorch	头部大厂
深圳	job_00110	UI设计师	京东	17	32	本科	5-10年	Angular;MongoDB;Django;PyTorch;React;Flask	头部大厂
武汉	job_00111	C++开发工程师	拼多多	10	22	硕士	5-10年	Java;Linux;Docker;MongoDB;Hadoop;Git	头部大厂
上海	job_00112	安全工程师	微软中国	18	34	不限	1-3年	Hadoop;Git;Nginx;Spark	中大型企业
北京	job_00113	iOS开发	华为	19	41	本科	5-10年	Hadoop;Python;React;Linux;Kubernetes	头部大厂
杭州	job_00114	安全工程师	网易	16	22	硕士	1年	Kubernetes;Python	头部大厂
天津	job_00115	前端开发工程师	快手	20	29	本科	5-10年	MySQL;Django	头部大厂
北京	job_00116	测试工程师	IBM	24	40	本科	1年	Spring;Node.js;Git;Redis	中大型企业
深圳	job_00117	全栈工程师	XX咨询有限公司	26	44	本科	应届	Angular;Hadoop;Linux;Spark;Flask;Spring	成长型企业
西安	job_00118	产品经理	拼多多	17	31	本科	1年	PyTorch;Nginx;TensorFlow;Python;Flink;Flask	头部大厂
苏州	job_00119	安全工程师	腾讯科技	15	36	本科	应届	Docker;PyTorch;Linux	头部大厂
杭州	job_00120	安全工程师	华为	21	36	本科	1-3年	Linux;MySQL;Node.js;Flask	头部大厂
厦门	job_00121	数据分析师	百度	22	30	大专	5-10年	Angular;PyTorch;Spring;Redis;TensorFlow	头部大厂
南京	job_00122	算法工程师	小米	16	30	硕士	5-10年	MongoDB;Java	头部大厂
杭州	job_00123	全栈工程师	微软中国	18	30	本科	3-5年	Flink;TensorFlow;PyTorch;Kubernetes;Node.js;Java	中大型企业
广州	job_00124	算法工程师	蚂蚁集团	23	39	大专	1-3年	Django;Python;Java;Flask;Kubernetes	头部大厂
深圳	job_00125	Go开发工程师	网易	29	38	硕士	应届	Flask;Flink;Redis;Java;Spring	头部大厂
南京	job_00126	产品经理	腾讯科技	19	42	大专	1年	Django;Docker	头部大厂
上海	job_00127	数据分析师	拼多多	20	28	硕士	3-5年	Vue;Flask;TensorFlow;Node.js;Linux;MySQL	头部大厂
重庆	job_00128	Go开发工程师	拼多多	20	43	大专	应届	Hadoop;Java;Flask;Angular;Nginx;TensorFlow	头部大厂
成都	job_00129	产品经理	网易	28	48	本科	1年	Node.js;Docker;Python;Flink	头部大厂
西安	job_00130	Android开发	华为	30	39	硕士	5-10年	Vue;Nginx;React	头部大厂
苏州	job_00131	Python工程师	京东	21	36	硕士	应届	Go;Kubernetes	头部大厂
杭州	job_00132	Android开发	IBM	12	23	硕士	1-3年	Java;React;Django;Spring;Flink	中大型企业
杭州	job_00133	数据分析师	XX咨询有限公司	26	50	不限	1-3年	Redis;Hadoop;React;TensorFlow;Java;Spring	成长型企业
长沙	job_00134	测试工程师	小米	22	45	本科	3-5年	Angular;Flink;Git;Vue;Linux	头部大厂
天津	job_00135	UI设计师	字节跳动	8	32	大专	1年	TensorFlow;Flask;Hadoop;React	头部大厂
武汉	job_00136	产品经理	小米	21	30	本科	应届	Docker;React;Flink	头部大厂
广州	job_00137	测试工程师	百度	29	52	硕士	3-5年	Hadoop;Linux;Django	头部大厂
南京	job_00138	全栈工程师	腾讯科技	19	31	硕士	1-3年	Vue;Spring;Angular;CI/CD;Kubernetes	头部大厂
南京	job_00139	Python工程师	百度	29	37	不限	3-5年	Spark;React	头部大厂
成都	job_00140	产品经理	腾讯科技	7	31	硕士	应届	Python;CI/CD;Spark;Flink	头部大厂
北京	job_00141	算法工程师	哔哩哔哩	17	39	不限	应届	Redis;Git;Spark	头部大厂
重庆	job_00142	测试工程师	网易	25	43	不限	5-10年	CI/CD;React;Flink;Java	头部大厂
西安	job_00143	Python工程师	腾讯科技	24	42	硕士	5-10年	Docker;Nginx;Java;Hadoop;Spring	头部大厂
上海	job_00144	测试工程师	京东	29	46	本科	应届	Hadoop;Nginx;React;Spring;Linux;MongoDB	头部大厂
重庆	job_00145	前端开发工程师	快手	23	47	本科	应届	Django;Redis;Hadoop	头部大厂
成都	job_00146	iOS开发	腾讯科技	24	41	本科	1年	Node.js;TensorFlow;Flink;Go;Redis;React	头部大厂
青岛	job_00147	算法工程师	京东	8	29	本科	应届	Spark;CI/CD;Angular;Docker;Vue;Kubernetes	头部大厂
南京	job_00148	前端开发工程师	字节跳动	15	35	本科	应届	Flask;Java;PyTorch;Docker;CI/CD	头部大厂
南京	job_00149	测试工程师	美团	25	50	不限	应届	MySQL;React	头部大厂
重庆	job_00150	测试工程师	IBM	14	30	不限	应届	CI/CD;Spark;Java	中大型企业
上海	job_00151	Go开发工程师	蚂蚁集团	18	30	硕士	1-3年	MySQL;React;TensorFlow;Spring;Git;Node.js	头部大厂
成都	job_00152	Android开发	微软中国	8	21	不限	3-5年	Spring;Angular;Redis;Python;Docker	中大型企业
青岛	job_00153	Python工程师	腾讯科技	19	39	大专	1年	Git;Redis;MongoDB	头部大厂
厦门	job_00154	Java开发工程师	创业团队	7	29	不限	3-5年	TensorFlow;Spark;Redis	中小-初创
武汉	job_00155	安全工程师	创业团队	6	16	大专	3-5年	TensorFlow;Flask;Go;Python;Flink;Java	中小-初创
南京	job_00156	UI设计师	XX咨询有限公司	27	51	不限	1年	CI/CD;PyTorch;Git;React	成长型企业
南京	job_00157	Python工程师	腾讯科技	13	30	大专	3-5年	Go;React;Spark	头部大厂
青岛	job_00158	运维工程师	百度	24	29	本科	3-5年	React;Python;Java;Spring;Flink;Hadoop	头部大厂
杭州	job_00159	运维工程师	IBM	21	26	硕士	5-10年	Spring;Redis	中大型企业
北京	job_00160	iOS开发	京东	20	36	不限	5-10年	Vue;React;Go;Nginx	头部大厂
成都	job_00161	运维工程师	小米	12	36	不限	5-10年	Node.js;Django	头部大厂
成都	job_00162	iOS开发	网易	15	25	大专	1-3年	Python;Node.js;PyTorch;Spring;Java	头部大厂
广州	job_00163	测试工程师	微软中国	21	42	大专	1-3年	Node.js;Docker	中大型企业
北京	job_00164	运维工程师	阿里巴巴	7	18	本科	应届	Vue;Spring;Redis;React;Django;TensorFlow	头部大厂
杭州	job_00165	C++开发工程师	美团	13	19	大专	1年	PyTorch;Redis	头部大厂
上海	job_00166	Android开发	蚂蚁集团	21	37	大专	1-3年	Docker;Node.js;Hadoop;Go	头部大厂
上海	job_00167	测试工程师	网易	20	30	本科	1年	Java;Hadoop;Node.js;Django;Vue	头部大厂
武汉	job_00168	全栈工程师	快手	13	29	大专	3-5年	Kubernetes;Java;Redis;Hadoop	头部大厂
长沙	job_00169	Python工程师	拼多多	22	39	大专	5-10年	MySQL;Nginx;Redis;Angular;Spark;React	头部大厂
北京	job_00170	C++开发工程师	蚂蚁集团	15	27	不限	1-3年	Python;React;Django;Spark	头部大厂
重庆	job_00171	产品经理	XX咨询有限公司	5	10	硕士	3-5年	MongoDB;Kubernetes	成长型企业
成都	job_00172	C++开发工程师	网易	12	31	大专	1年	Angular;Vue;Spark;Django;Redis;Spring	头部大厂
北京	job_00173	iOS开发	百度	22	28	硕士	应届	React;CI/CD;Python;Git;Vue;Nginx	头部大厂
杭州	job_00174	Android开发	快手	14	19	不限	应届	Flink;Spring;MySQL;Python;PyTorch;MongoDB	头部大厂
厦门	job_00175	Android开发	拼多多	20	36	本科	1年	Python;React	头部大厂
青岛	job_00176	算法工程师	腾讯科技	11	34	大专	1-3年	Linux;Nginx;Docker	头部大厂
北京	job_00177	算法工程师	IBM	12	32	不限	1-3年	Go;Flink;Flask;Docker	中大型企业
北京	job_00178	安全工程师	快手	19	36	本科	应届	Django;MongoDB	头部大厂
苏州	job_00179	测试工程师	IBM	8	13	大专	5-10年	Vue;Hadoop;Node.js;TensorFlow;Java	中大型企业
北京	job_00180	运维工程师	京东	9	20	大专	1-3年	Node.js;Linux;Spring;MySQL;Spark;Java	头部大厂
成都	job_00181	算法工程师	阿里巴巴	5	26	大专	1年	Nginx;React;Docker;Hadoop	头部大厂
长沙	job_00182	Go开发工程师	哔哩哔哩	24	33	大专	1年	MongoDB;Vue;PyTorch;Redis;Angular;Kubernetes	头部大厂
青岛	job_00183	Android开发	IBM	13	22	大专	1-3年	PyTorch;Python;Nginx;Java	中大型企业
西安	job_00184	数据分析师	美团	15	29	大专	5-10年	Redis;CI/CD;Docker	头部大厂
杭州	job_00185	Go开发工程师	微软中国	12	33	不限	1年	MySQL;Django;CI/CD	中大型企业
西安	job_00186	UI设计师	华为	14	30	硕士	1-3年	Redis;MongoDB;Docker;Nginx;Java;Hadoop	头部大厂
杭州	job_00187	Java开发工程师	腾讯科技	6	26	不限	1年	MySQL;Java;CI/CD	头部大厂
苏州	job_00188	Python工程师	网易	20	29	本科	应届	Node.js;Spark;Django	头部大厂
上海	job_00189	测试工程师	蚂蚁集团	7	22	大专	1年	Redis;Docker	头部大厂
武汉	job_00190	算法工程师	XX咨询有限公司	5	13	大专	1年	MySQL;Git;Hadoop;Spring;Nginx;PyTorch	成长型企业
厦门	job_00191	C++开发工程师	哔哩哔哩	5	24	硕士	3-5年	Redis;Node.js;Hadoop;Linux;Kubernetes;Java	头部大厂
西安	job_00192	算法工程师	百度	7	13	不限	5-10年	Git;Python;React	头部大厂
武汉	job_00193	iOS开发	腾讯科技	9	21	大专	5-10年	Kubernetes;Docker;MySQL;TensorFlow;Git;CI/CD	头部大厂
重庆	job_00194	全栈工程师	美团	9	23	本科	5-10年	Nginx;Django;Flask;Python	头部大厂
广州	job_00195	数据分析师	华为	12	28	本科	1-3年	Spark;Java;Redis;TensorFlow;Kubernetes;Angular	头部大厂
长沙	job_00196	前端开发工程师	阿里巴巴	28	41	硕士	应届	PyTorch;TensorFlow;Flink	头部大厂
天津	job_00197	C++开发工程师	美团	6	23	不限	5-10年	Spark;TensorFlow;CI/CD;PyTorch;Vue;Angular	头部大厂
厦门	job_00198	运维工程师	京东	13	37	不限	3-5年	Flink;Docker	头部大厂
厦门	job_00199	算法工程师	京东	18	33	本科	3-5年	MongoDB;Go;Kubernetes;Java;Node.js;Spring	头部大厂
广州	job_00200	数据分析师	小米	25	40	不限	1年	Flask;Go	头部大厂
厦门	job_00201	全栈工程师	微软中国	16	22	硕士	1-3年	Kubernetes;CI/CD;Django	中大型企业
广州	job_00202	Python工程师	字节跳动	20	43	大专	应届	MongoDB;Spark;Kubernetes;Hadoop;Python	头部大厂
杭州	job_00203	数据分析师	微软中国	9	21	不限	5-10年	Kubernetes;TensorFlow;Git;Flink;MySQL;Go	中大型企业
杭州	job_00204	算法工程师	百度	8	16	硕士	3-5年	Node.js;MongoDB;Redis;Git;Kubernetes	头部大厂
北京	job_00205	Python工程师	阿里巴巴	5	16	大专	1年	Linux;TensorFlow	头部大厂
北京	job_00206	UI设计师	腾讯科技	20	26	大专	5-10年	MongoDB;Docker;CI/CD	头部大厂
杭州	job_00207	产品经理	拼多多	27	35	本科	应届	Java;Linux	头部大厂
青岛	job_00208	C++开发工程师	腾讯科技	8	25	本科	3-5年	MySQL;Spark;Flask;Hadoop	头部大厂
南京	job_00209	算法工程师	拼多多	10	25	不限	1年	Angular;Docker;Go;Nginx	头部大厂
广州	job_00210	运维工程师	快手	22	30	本科	应届	Kubernetes;Docker;Flink;React	头部大厂
天津	job_00211	全栈工程师	某科技有限公司	28	50	不限	3-5年	Spark;Flask;Nginx;Hadoop;Flink;Linux	成长型企业
成都	job_00212	算法工程师	拼多多	16	24	硕士	应届	Hadoop;Git;PyTorch	头部大厂
厦门	job_00213	运维工程师	字节跳动	14	35	大专	1年	Linux;Kubernetes;Go;PyTorch;Git;CI/CD	头部大厂
苏州	job_00214	Android开发	XX咨询有限公司	22	37	硕士	1-3年	Spark;Go;Hadoop;PyTorch;Java;MongoDB	成长型企业
上海	job_00215	前端开发工程师	快手	23	33	不限	3-5年	Angular;CI/CD;MongoDB;Vue;Flink	头部大厂
武汉	job_00216	测试工程师	阿里巴巴	12	27	本科	应届	Spark;Vue;Hadoop;Angular;Flask	头部大厂
重庆	job_00217	C++开发工程师	网易	20	43	大专	1-3年	MySQL;Flink	头部大厂
上海	job_00218	运维工程师	哔哩哔哩	16	24	大专	5-10年	PyTorch;Kubernetes;MySQL;Nginx;Spark;Angular	头部大厂
南京	job_00219	全栈工程师	IBM	14	36	硕士	应届	Django;Spring	中大型企业
武汉	job_00220	C++开发工程师	快手	30	42	本科	1年	Python;Git;PyTorch	头部大厂
北京	job_00221	数据分析师	创业团队	22	32	大专	1-3年	MySQL;Redis;TensorFlow;Python;Hadoop	中小-初创
广州	job_00222	Python工程师	拼多多	12	20	硕士	1-3年	Django;Vue;Python;Node.js	头部大厂
青岛	job_00223	安全工程师	哔哩哔哩	19	41	本科	1年	Docker;Flask;React;Hadoop;Kubernetes;MySQL	头部大厂
武汉	job_00224	安全工程师	哔哩哔哩	20	34	本科	5-10年	Java;React;CI/CD	头部大厂
杭州	job_00225	运维工程师	快手	29	45	不限	1-3年	Linux;Go	头部大厂
长沙	job_00226	数据分析师	小米	19	33	硕士	3-5年	Python;MongoDB;Git;Node.js;Kubernetes;Spark	头部大厂
成都	job_00227	安全工程师	字节跳动	8	29	本科	应届	Angular;MongoDB;MySQL	头部大厂
成都	job_00228	数据分析师	微软中国	20	39	大专	5-10年	Spark;TensorFlow;Go;Linux;Redis	中大型企业
厦门	job_00229	测试工程师	华为	15	33	大专	5-10年	Docker;Angular;MySQL;PyTorch;CI/CD;React	头部大厂
南京	job_00230	安全工程师	美团	16	36	不限	应届	PyTorch;Go;Spark;Node.js;CI/CD	头部大厂
成都	job_00231	算法工程师	拼多多	13	37	本科	1-3年	Redis;Flink;Flask;Git;MySQL	头部大厂
北京	job_00232	测试工程师	百度	29	45	大专	1-3年	Vue;Django;Hadoop;CI/CD;Go;Git	头部大厂
厦门	job_00233	产品经理	某科技有限公司	21	40	硕士	应届	Linux;React;MySQL;Vue	成长型企业
南京	job_00234	安全工程师	创业团队	21	27	不限	1年	Docker;Vue;Python	中小-初创
天津	job_00235	安全工程师	网易	7	20	本科	应届	Flask;Git;Redis;Spark;TensorFlow	头部大厂
苏州	job_00236	iOS开发	小米	14	28	不限	1-3年	CI/CD;Node.js;Linux;Go	头部大厂
广州	job_00237	产品经理	网易	16	34	硕士	1-3年	Linux;Spring;CI/CD;Git	头部大厂
北京	job_00238	Android开发	网易	22	42	不限	应届	TensorFlow;Java;Linux;Flink;Kubernetes;Angular	头部大厂
苏州	job_00239	数据分析师	腾讯科技	8	17	本科	1年	CI/CD;Kubernetes;Flask;Node.js;PyTorch;MySQL	头部大厂
西安	job_00240	全栈工程师	华为	9	23	硕士	3-5年	Go;Python	头部大厂
成都	job_00241	iOS开发	哔哩哔哩	8	31	大专	3-5年	Git;Flask;Node.js;Python;Docker	头部大厂
长沙	job_00242	算法工程师	拼多多	5	30	不限	应届	Python;TensorFlow	头部大厂
成都	job_00243	安全工程师	阿里巴巴	5	11	本科	5-10年	Java;PyTorch;MySQL;Flask;Django;Linux	头部大厂
上海	job_00244	Python工程师	百度	14	25	本科	1年	Vue;Go;Java;CI/CD	头部大厂
南京	job_00245	安全工程师	小米	11	35	大专	1年	Spark;Flink;Go;Angular;Redis;Nginx	头部大厂
南京	job_00246	前端开发工程师	阿里巴巴	13	18	不限	1年	Flask;MySQL	头部大厂
西安	job_00247	Python工程师	华为	30	53	硕士	5-10年	Python;PyTorch;Angular;TensorFlow;Spring;Kubernetes	头部大厂
杭州	job_00248	Android开发	快手	11	25	不限	1-3年	Spark;TensorFlow;Spring;Git;Django;MongoDB	头部大厂
天津	job_00249	算法工程师	微软中国	14	36	本科	1-3年	Git;Flask;MySQL	中大型企业
天津	job_00250	Android开发	XX咨询有限公司	30	35	大专	1-3年	MongoDB;Angular	成长型企业
长沙	job_00251	UI设计师	京东	5	17	硕士	1年	Kubernetes;Nginx;Python;MySQL;Redis;MongoDB	头部大厂
武汉	job_00252	算法工程师	拼多多	6	20	大专	3-5年	Python;Django;Java	头部大厂
南京	job_00253	Android开发	快手	28	50	大专	1-3年	Git;Hadoop;Flink;Vue	头部大厂
西安	job_00254	安全工程师	快手	7	25	不限	3-5年	Docker;Linux;Spark;Flink;Redis	头部大厂
深圳	job_00255	UI设计师	微软中国	11	30	本科	1年	Vue;Docker;PyTorch;Node.js	中大型企业
上海	job_00256	Android开发	快手	10	15	大专	应届	MongoDB;Git;Python;TensorFlow;Go;Nginx	头部大厂
北京	job_00257	运维工程师	字节跳动	19	29	不限	5-10年	TensorFlow;Angular;Flink;Vue	头部大厂
武汉	job_00258	测试工程师	哔哩哔哩	17	29	不限	3-5年	Java;Git;Django;PyTorch;Go;MySQL	头部大厂
广州	job_00259	Android开发	百度	29	48	大专	应届	CI/CD;Python;MySQL	头部大厂
南京	job_00260	Go开发工程师	拼多多	25	31	硕士	5-10年	PyTorch;Flask;Flink	头部大厂
北京	job_00261	前端开发工程师	字节跳动	25	38	不限	5-10年	Angular;Kubernetes;Spark;Go;Linux;Java	头部大厂
深圳	job_00262	算法工程师	华为	17	32	硕士	1-3年	MySQL;Linux	头部大厂
西安	job_00263	全栈工程师	小米	8	29	大专	1-3年	Spark;Vue;Flink;MongoDB;Django;Git	头部大厂
南京	job_00264	运维工程师	腾讯科技	23	41	硕士	5-10年	Nginx;Spring	头部大厂
南京	job_00265	产品经理	百度	18	37	硕士	5-10年	Python;Go;Java;CI/CD;MySQL;Git	头部大厂
武汉	job_00266	运维工程师	美团	18	36	硕士	3-5年	PyTorch;Redis;MySQL	头部大厂
重庆	job_00267	运维工程师	微软中国	16	39	本科	3-5年	Go;Git;Django;Angular;Kubernetes	中大型企业
北京	job_00268	算法工程师	拼多多	7	13	本科	1-3年	Linux;PyTorch	头部大厂
武汉	job_00269	测试工程师	字节跳动	27	33	本科	1年	MongoDB;Git;Spark	头部大厂
天津	job_00270	UI设计师	蚂蚁集团	27	46	本科	3-5年	Java;TensorFlow;Git;Flask;React;Redis	头部大厂
天津	job_00271	产品经理	创业团队	23	31	本科	5-10年	Flask;Spark;MySQL;Kubernetes;Docker;MongoDB	中小-初创
广州	job_00272	Android开发	美团	13	34	硕士	3-5年	Spark;Go;Django	头部大厂
杭州	job_00273	全栈工程师	蚂蚁集团	10	33	本科	应届	Nginx;Go;Spring;Python	头部大厂
重庆	job_00274	Python工程师	快手	19	32	本科	1年	MongoDB;Git	头部大厂
青岛	job_00275	安全工程师	某科技有限公司	9	14	本科	应届	Spark;Flask;Git	成长型企业
厦门	job_00276	Python工程师	某科技有限公司	14	27	大专	1-3年	PyTorch;Docker	成长型企业
广州	job_00277	Java开发工程师	某科技有限公司	27	46	本科	1-3年	React;Nginx;Angular;Java	成长型企业
南京	job_00278	产品经理	微软中国	30	36	大专	1年	Go;React;CI/CD	中大型企业
长沙	job_00279	数据分析师	哔哩哔哩	6	16	本科	1年	Redis;Python	头部大厂
杭州	job_00280	前端开发工程师	拼多多	28	50	硕士	1年	Angular;Kubernetes;Docker;Linux;Vue	头部大厂
上海	job_00281	产品经理	网易	26	35	硕士	3-5年	Go;MySQL;Docker;Spark;Node.js;Java	头部大厂
青岛	job_00282	测试工程师	蚂蚁集团	22	39	不限	3-5年	Git;PyTorch;Angular	头部大厂
上海	job_00283	C++开发工程师	百度	30	46	本科	3-5年	MongoDB;Hadoop;Docker;Kubernetes	头部大厂
深圳	job_00284	数据分析师	网易	19	26	本科	1年	CI/CD;Kubernetes;Java;Python;Docker;Git	头部大厂
成都	job_00285	Java开发工程师	美团	10	21	大专	3-5年	Node.js;Angular;Java;Django;Linux	头部大厂
广州	job_00286	C++开发工程师	拼多多	24	47	不限	应届	Django;Spark;Linux;Nginx;Spring;Redis	头部大厂
天津	job_00287	算法工程师	哔哩哔哩	9	19	硕士	应届	Django;Go;PyTorch	头部大厂
杭州	job_00288	iOS开发	腾讯科技	10	27	硕士	应届	Django;Hadoop;Kubernetes;Spring;Angular;Git	头部大厂
上海	job_00289	前端开发工程师	蚂蚁集团	17	24	大专	应届	Flask;Django	头部大厂
武汉	job_00290	iOS开发	创业团队	12	28	硕士	应届	Vue;Node.js;Django;Go;Python;Spark	中小-初创
西安	job_00291	Android开发	哔哩哔哩	21	34	不限	5-10年	Linux;Spring;CI/CD;MongoDB	头部大厂
天津	job_00292	全栈工程师	快手	9	17	本科	1-3年	Kubernetes;Flask;Go;Git;Django	头部大厂
深圳	job_00293	全栈工程师	网易	17	40	不限	1年	Angular;Spring	头部大厂
重庆	job_00294	运维工程师	美团	19	24	本科	应届	Vue;Spark;Node.js;PyTorch;React;Flask	头部大厂
天津	job_00295	前端开发工程师	华为	29	53	本科	1年	Django;Go;Git	头部大厂
长沙	job_00296	C++开发工程师	小米	9	22	本科	5-10年	Python;Git;Nginx;React	头部大厂
厦门	job_00297	Java开发工程师	阿里巴巴	27	34	硕士	5-10年	Python;Flink;Spring;PyTorch;Git	头部大厂
青岛	job_00298	数据分析师	腾讯科技	29	50	大专	应届	Python;Go;Spark;MySQL;Java;Vue	头部大厂
上海	job_00299	Python工程师	哔哩哔哩	22	35	本科	1年	PyTorch;CI/CD	头部大厂
北京	job_00300	数据分析师	某科技有限公司	20	25	大专	1年	Python;Git;Angular;Django;Java	成长型企业
武汉	job_00301	算法工程师	腾讯科技	30	51	大专	1年	PyTorch;React;Nginx;Flink;Kubernetes;Linux	头部大厂
厦门	job_00302	前端开发工程师	哔哩哔哩	8	31	大专	1-3年	Kubernetes;Angular;CI/CD;MySQL;Hadoop;Django	头部大厂
深圳	job_00303	C++开发工程师	拼多多	10	28	不限	应届	Flask;MySQL	头部大厂
成都	job_00304	Go开发工程师	创业团队	7	16	硕士	1-3年	Redis;Nginx;TensorFlow;Go;Linux	中小-初创
深圳	job_00305	iOS开发	字节跳动	10	28	大专	应届	MongoDB;Nginx;Django;Go	头部大厂
成都	job_00306	测试工程师	快手	11	22	本科	应届	Java;PyTorch;MySQL;Angular;Go	头部大厂
武汉	job_00307	全栈工程师	京东	20	39	硕士	应届	Nginx;MySQL	头部大厂
深圳	job_00308	C++开发工程师	拼多多	6	21	不限	应届	Flink;Go;Vue;Node.js	头部大厂
西安	job_00309	产品经理	蚂蚁集团	19	40	本科	1-3年	Git;Vue;Python	头部大厂
天津	job_00310	UI设计师	创业团队	14	39	硕士	3-5年	Flink;Node.js;Angular;PyTorch	中小-初创
杭州	job_00311	Java开发工程师	某科技有限公司	26	38	大专	5-10年	Vue;Django;Python;Linux;Kubernetes	成长型企业
深圳	job_00312	测试工程师	小米	10	30	大专	5-10年	Git;Vue	头部大厂
上海	job_00313	数据分析师	美团	14	33	本科	应届	Docker;Flink;Flask;CI/CD	头部大厂
深圳	job_00314	产品经理	IBM	8	17	不限	1年	Java;MySQL	中大型企业
长沙	job_00315	全栈工程师	京东	19	34	不限	应届	TensorFlow;Docker	头部大厂
深圳	job_00316	Go开发工程师	蚂蚁集团	9	29	硕士	5-10年	Java;Redis	头部大厂
成都	job_00317	安全工程师	小米	13	34	大专	应届	Spark;Django;MySQL	头部大厂
成都	job_00318	产品经理	小米	15	32	不限	3-5年	Redis;Nginx	头部大厂
广州	job_00319	算法工程师	网易	11	28	大专	3-5年	Spark;Git;Node.js;Hadoop;PyTorch;Flink	头部大厂
北京	job_00320	前端开发工程师	蚂蚁集团	9	24	本科	5-10年	Node.js;CI/CD	头部大厂
广州	job_00321	产品经理	小米	27	33	本科	应届	Nginx;React;Redis;Docker;Spark;Flink	头部大厂
北京	job_00322	C++开发工程师	美团	21	29	大专	1-3年	PyTorch;Linux;Python;Hadoop;TensorFlow	头部大厂
苏州	job_00323	Java开发工程师	创业团队	9	22	不限	5-10年	Go;Spring;Java;Hadoop	中小-初创
杭州	job_00324	iOS开发	IBM	24	31	硕士	1年	MySQL;Go;React;Docker;CI/CD;Spring	中大型企业
长沙	job_00325	数据分析师	IBM	24	41	不限	5-10年	Flink;Django;Kubernetes;Node.js	中大型企业
深圳	job_00326	C++开发工程师	字节跳动	20	29	硕士	1-3年	Java;Nginx;TensorFlow;Linux;Django	头部大厂
长沙	job_00327	UI设计师	快手	27	37	硕士	5-10年	Redis;Kubernetes;PyTorch;Spark;Angular;Go	头部大厂
苏州	job_00328	Java开发工程师	微软中国	18	38	硕士	1-3年	Spark;React	中大型企业
北京	job_00329	算法工程师	蚂蚁集团	18	33	不限	1年	Redis;Nginx;React;Python	头部大厂
杭州	job_00330	运维工程师	京东	10	16	本科	3-5年	TensorFlow;Flask;MySQL	头部大厂
杭州	job_00331	Java开发工程师	小米	13	23	不限	应届	Flask;Python;React;Hadoop;Spark;PyTorch	头部大厂
杭州	job_00332	C++开发工程师	某科技有限公司	21	30	不限	应届	Java;CI/CD;Nginx;Django	成长型企业
上海	job_00333	数据分析师	微软中国	18	23	不限	1-3年	Docker;Vue;MongoDB;Go	中大型企业
青岛	job_00334	Go开发工程师	网易	19	35	不限	1-3年	Go;Vue;Django;Flink;Hadoop	头部大厂
广州	job_00335	运维工程师	微软中国	5	17	大专	3-5年	Go;Spark;TensorFlow;Linux;PyTorch	中大型企业
天津	job_00336	测试工程师	XX咨询有限公司	20	25	本科	1-3年	Django;Redis;Node.js	成长型企业
北京	job_00337	运维工程师	蚂蚁集团	30	45	大专	3-5年	PyTorch;TensorFlow;Java	头部大厂
成都	job_00338	UI设计师	快手	17	34	不限	应届	Spark;Redis;Java;MySQL	头部大厂
长沙	job_00339	算法工程师	百度	22	28	大专	1年	MySQL;PyTorch;Go;Django	头部大厂
成都	job_00340	UI设计师	拼多多	19	38	大专	5-10年	PyTorch;Python;Flask;Linux;Redis	头部大厂
南京	job_00341	Java开发工程师	蚂蚁集团	5	27	本科	3-5年	Flink;Spring;Hadoop;Java;MongoDB;Flask	头部大厂
广州	job_00342	产品经理	字节跳动	29	54	不限	应届	Spark;Django;TensorFlow	头部大厂
杭州	job_00343	Go开发工程师	腾讯科技	9	19	不限	5-10年	Django;PyTorch;Nginx	头部大厂
青岛	job_00344	Java开发工程师	华为	11	16	硕士	3-5年	Django;Spark	头部大厂
南京	job_00345	iOS开发	京东	18	31	不限	1-3年	MySQL;Python;Django	头部大厂
南京	job_00346	iOS开发	京东	26	44	本科	应届	MongoDB;Flask;Linux;Vue	头部大厂
北京	job_00347	产品经理	京东	20	37	硕士	1年	Vue;Angular;Flink;Kubernetes;Spark	头部大厂
青岛	job_00348	产品经理	XX咨询有限公司	18	41	本科	应届	Redis;Spark;Go	成长型企业
成都	job_00349	UI设计师	华为	23	46	本科	1-3年	Node.js;Flink;Python	头部大厂
重庆	job_00350	测试工程师	百度	8	15	大专	5-10年	PyTorch;Python;Linux	头部大厂
武汉	job_00351	前端开发工程师	创业团队	21	44	硕士	5-10年	Node.js;React;Spark;TensorFlow	中小-初创
上海	job_00352	iOS开发	网易	30	38	大专	1年	PyTorch;Git;Java;Vue;MongoDB	头部大厂
深圳	job_00353	Android开发	IBM	16	41	不限	1年	Docker;Go;React	中大型企业
厦门	job_00354	安全工程师	XX咨询有限公司	17	31	大专	1-3年	MongoDB;Node.js	成长型企业
深圳	job_00355	测试工程师	京东	28	34	不限	5-10年	PyTorch;Hadoop;Flink;TensorFlow;Redis	头部大厂
广州	job_00356	产品经理	蚂蚁集团	24	38	硕士	5-10年	Python;MySQL	头部大厂
重庆	job_00357	安全工程师	华为	9	23	硕士	应届	Flink;Flask	头部大厂
重庆	job_00358	全栈工程师	网易	26	35	本科	5-10年	Hadoop;Angular;React;CI/CD;Kubernetes	头部大厂
武汉	job_00359	算法工程师	快手	18	27	大专	3-5年	PyTorch;MongoDB;Spring;Go;Angular;Flink	头部大厂
杭州	job_00360	算法工程师	百度	24	40	大专	5-10年	Kubernetes;Nginx;Linux;CI/CD;Spark;Go	头部大厂
西安	job_00361	Go开发工程师	某科技有限公司	28	47	本科	3-5年	Python;Flink;Git;TensorFlow	成长型企业
成都	job_00362	C++开发工程师	拼多多	10	22	不限	应届	Spring;Python	头部大厂
北京	job_00363	C++开发工程师	华为	10	27	硕士	1-3年	MongoDB;Redis	头部大厂
重庆	job_00364	Android开发	美团	24	34	不限	应届	Spring;MongoDB	头部大厂
成都	job_00365	产品经理	京东	8	28	大专	1-3年	MongoDB;Nginx;Django;TensorFlow;Linux	头部大厂
成都	job_00366	安全工程师	哔哩哔哩	17	25	不限	应届	Go;Spring;Vue;Flink;Redis	头部大厂
厦门	job_00367	C++开发工程师	哔哩哔哩	8	18	不限	5-10年	Flink;Django;Angular;Spark	头部大厂
成都	job_00368	Android开发	阿里巴巴	10	22	硕士	5-10年	Git;PyTorch	头部大厂
上海	job_00369	数据分析师	京东	30	41	本科	3-5年	Hadoop;Nginx;Spark;CI/CD	头部大厂
广州	job_00370	iOS开发	美团	5	30	硕士	3-5年	Docker;Flask;Redis;TensorFlow;Go	头部大厂
深圳	job_00371	Python工程师	哔哩哔哩	12	28	不限	3-5年	Flask;MongoDB;CI/CD;Nginx;Django;Python	头部大厂
西安	job_00372	测试工程师	IBM	14	19	本科	1年	Kubernetes;Flink;MySQL;CI/CD	中大型企业
西安	job_00373	Go开发工程师	腾讯科技	12	26	本科	5-10年	Vue;Kubernetes;Spring;Go	头部大厂
西安	job_00374	C++开发工程师	阿里巴巴	10	28	硕士	5-10年	PyTorch;Kubernetes	头部大厂
成都	job_00375	产品经理	创业团队	30	53	不限	3-5年	React;Nginx;Node.js	中小-初创
上海	job_00376	测试工程师	蚂蚁集团	13	38	不限	5-10年	Spring;Go;React;Java	头部大厂
杭州	job_00377	算法工程师	百度	21	46	本科	应届	PyTorch;Kubernetes;Hadoop	头部大厂
青岛	job_00378	安全工程师	网易	30	54	硕士	1年	PyTorch;CI/CD;TensorFlow;Linux;Angular	头部大厂
南京	job_00379	数据分析师	百度	18	25	硕士	1-3年	Spark;Hadoop;MySQL;Spring	头部大厂
广州	job_00380	全栈工程师	IBM	16	38	不限	5-10年	React;Flink;Nginx	中大型企业
杭州	job_00381	前端开发工程师	京东	27	34	大专	3-5年	Node.js;Kubernetes;Nginx;MySQL;Hadoop;Docker	头部大厂
南京	job_00382	全栈工程师	百度	22	30	硕士	应届	React;TensorFlow;Java;Node.js;Spark;Docker	头部大厂
苏州	job_00383	前端开发工程师	网易	19	38	本科	5-10年	PyTorch;Redis;Nginx;Linux	头部大厂
厦门	job_00384	Java开发工程师	微软中国	26	44	硕士	1年	Flink;MongoDB	中大型企业
上海	job_00385	前端开发工程师	某科技有限公司	25	44	硕士	应届	TensorFlow;Go;Django	成长型企业
西安	job_00386	iOS开发	XX咨询有限公司	23	46	不限	5-10年	React;Spring;Flink;Vue;Nginx;Flask	成长型企业
重庆	job_00387	Java开发工程师	百度	16	36	大专	应届	Linux;Git;Vue;Java	头部大厂
天津	job_00388	Python工程师	拼多多	5	22	硕士	5-10年	Git;Python;Spark	头部大厂
上海	job_00389	运维工程师	蚂蚁集团	20	41	大专	应届	Nginx;MySQL	头部大厂
成都	job_00390	iOS开发	哔哩哔哩	17	34	本科	5-10年	Python;Flask;PyTorch	头部大厂
青岛	job_00391	数据分析师	拼多多	9	31	硕士	应届	Go;MySQL	头部大厂
北京	job_00392	测试工程师	阿里巴巴	9	33	硕士	应届	Kubernetes;Spark;Hadoop	头部大厂
成都	job_00393	iOS开发	XX咨询有限公司	17	42	硕士	1-3年	Angular;CI/CD	成长型企业
南京	job_00394	C++开发工程师	小米	13	18	不限	1-3年	MongoDB;TensorFlow;React;MySQL	头部大厂
南京	job_00395	iOS开发	微软中国	25	46	硕士	1年	Flink;Node.js	中大型企业
长沙	job_00396	Python工程师	字节跳动	17	40	本科	3-5年	Hadoop;Python;Flink;MySQL	头部大厂
苏州	job_00397	Android开发	京东	22	31	不限	3-5年	Java;Go	头部大厂
上海	job_00398	iOS开发	XX咨询有限公司	13	34	不限	5-10年	Flink;Vue	成长型企业
西安	job_00399	算法工程师	微软中国	19	44	大专	5-10年	Git;Java	中大型企业
武汉	job_00400	全栈工程师	XX咨询有限公司	22	42	不限	1-3年	Node.js;Go;Linux;Docker;Python;PyTorch	成长型企业
青岛	job_00401	iOS开发	华为	23	31	硕士	应届	Linux;Redis	头部大厂
成都	job_00402	算法工程师	华为	21	43	大专	1-3年	Docker;CI/CD;Flink;Python	头部大厂
厦门	job_00403	Java开发工程师	拼多多	5	28	本科	1-3年	Django;Flask;Spark	头部大厂
苏州	job_00404	运维工程师	字节跳动	15	36	大专	3-5年	Node.js;MongoDB;Linux	头部大厂
长沙	job_00405	测试工程师	京东	26	32	本科	1年	MySQL;Flink;Kubernetes;MongoDB	头部大厂
杭州	job_00406	安全工程师	小米	10	17	硕士	应届	React;Spark	头部大厂
南京	job_00407	安全工程师	字节跳动	30	40	硕士	1-3年	Django;Python;React;Spark	头部大厂
上海	job_00408	UI设计师	阿里巴巴	11	32	不限	3-5年	Node.js;Git;Nginx;Angular	头部大厂
杭州	job_00409	全栈工程师	阿里巴巴	10	19	本科	1年	Flink;Vue	头部大厂
青岛	job_00410	测试工程师	小米	14	38	本科	1-3年	Python;Spark;MongoDB	头部大厂
上海	job_00411	运维工程师	拼多多	7	19	硕士	1-3年	Java;CI/CD;Kubernetes;Vue	头部大厂
长沙	job_00412	运维工程师	某科技有限公司	5	30	本科	5-10年	Spring;Flink;TensorFlow	成长型企业
厦门	job_00413	Go开发工程师	哔哩哔哩	20	42	本科	5-10年	MySQL;Go;Node.js;Flask;Redis;MongoDB	头部大厂
长沙	job_00414	前端开发工程师	快手	5	26	本科	应届	Spark;Linux;Flink;MySQL	头部大厂
青岛	job_00415	Java开发工程师	腾讯科技	30	44	大专	3-5年	Docker;Nginx;Linux;MongoDB	头部大厂
长沙	job_00416	全栈工程师	华为	20	27	本科	3-5年	Nginx;Go;Spark	头部大厂
重庆	job_00417	产品经理	创业团队	18	36	大专	5-10年	MySQL;TensorFlow;Flask;Java;Redis;React	中小-初创
天津	job_00418	运维工程师	创业团队	12	26	硕士	应届	Spark;Linux;Python;React;Go;Flask	中小-初创
成都	job_00419	前端开发工程师	小米	30	50	硕士	5-10年	Spark;MySQL;Angular;Kubernetes	头部大厂
武汉	job_00420	Java开发工程师	美团	26	51	不限	应届	Spark;CI/CD	头部大厂
长沙	job_00421	Android开发	网易	10	26	本科	应届	Docker;React;MongoDB;CI/CD;Go	头部大厂
苏州	job_00422	全栈工程师	美团	12	28	硕士	1-3年	Hadoop;PyTorch	头部大厂
厦门	job_00423	运维工程师	某科技有限公司	9	29	不限	1-3年	Flink;Python;Docker;Vue	成长型企业
广州	job_00424	Go开发工程师	美团	14	19	不限	1-3年	Spring;React;TensorFlow;Java	头部大厂
杭州	job_00425	数据分析师	XX咨询有限公司	24	42	不限	3-5年	Java;Flink;Angular;CI/CD;Nginx	成长型企业
北京	job_00426	运维工程师	某科技有限公司	21	38	本科	5-10年	Nginx;Linux;Go;Flask;Angular;Redis	成长型企业
武汉	job_00427	前端开发工程师	某科技有限公司	21	26	硕士	1年	Flink;Vue;CI/CD;Docker	成长型企业
上海	job_00428	安全工程师	蚂蚁集团	22	33	不限	3-5年	Flask;Spring;Go;Node.js;CI/CD;Kubernetes	头部大厂
北京	job_00429	Python工程师	蚂蚁集团	11	24	不限	应届	Angular;CI/CD;Python;React	头部大厂
深圳	job_00430	Java开发工程师	XX咨询有限公司	8	27	硕士	1-3年	Nginx;Django;Docker;Git	成长型企业
重庆	job_00431	数据分析师	字节跳动	13	25	不限	应届	Spark;Spring	头部大厂
杭州	job_00432	C++开发工程师	某科技有限公司	8	31	不限	5-10年	MongoDB;Nginx	成长型企业
武汉	job_00433	C++开发工程师	IBM	16	32	大专	3-5年	React;Kubernetes	中大型企业
苏州	job_00434	Java开发工程师	某科技有限公司	21	37	大专	应届	Python;Node.js;Vue;Spark;Go	成长型企业
长沙	job_00435	运维工程师	京东	6	12	本科	5-10年	Nginx;Python	头部大厂
杭州	job_00436	Java开发工程师	哔哩哔哩	27	47	本科	1年	PyTorch;Angular;Go;Docker;Redis	头部大厂
苏州	job_00437	前端开发工程师	拼多多	6	25	硕士	1年	MongoDB;TensorFlow;CI/CD	头部大厂
天津	job_00438	产品经理	百度	24	42	本科	1年	PyTorch;TensorFlow	头部大厂
长沙	job_00439	运维工程师	快手	17	37	大专	1-3年	Spring;Vue	头部大厂
成都	job_00440	安全工程师	美团	26	51	大专	3-5年	Linux;Vue	头部大厂
杭州	job_00441	Java开发工程师	字节跳动	21	43	大专	3-5年	Kubernetes;React	头部大厂
上海	job_00442	数据分析师	小米	11	29	大专	5-10年	MySQL;Go;React;Spring;MongoDB;Flask	头部大厂
南京	job_00443	全栈工程师	字节跳动	30	38	不限	5-10年	Node.js;Angular;PyTorch	头部大厂
广州	job_00444	安全工程师	某科技有限公司	30	54	大专	3-5年	Flink;MySQL	成长型企业
青岛	job_00445	Python工程师	小米	12	21	不限	5-10年	Kubernetes;Spring;Angular;Django;Nginx;Node.js	头部大厂
厦门	job_00446	Java开发工程师	阿里巴巴	16	33	不限	1-3年	Vue;Python;Flink	头部大厂
长沙	job_00447	前端开发工程师	小米	21	46	本科	1-3年	Linux;Java;Node.js;React;MySQL;Go	头部大厂
武汉	job_00448	全栈工程师	小米	13	25	本科	1年	Redis;Hadoop;Node.js;Nginx;MongoDB;Linux	头部大厂
北京	job_00449	Go开发工程师	XX咨询有限公司	29	41	硕士	3-5年	React;Django	成长型企业
厦门	job_00450	算法工程师	IBM	17	23	大专	3-5年	React;Kubernetes;Git	中大型企业
西安	job_00451	C++开发工程师	小米	12	30	硕士	1年	PyTorch;Git;Angular	头部大厂
深圳	job_00452	Java开发工程师	华为	21	43	硕士	1年	Node.js;Nginx;Spark;React;Python	头部大厂
北京	job_00453	产品经理	蚂蚁集团	8	29	硕士	1-3年	Java;Redis;Django;Go	头部大厂
西安	job_00454	Android开发	美团	24	36	大专	5-10年	Django;Nginx;Redis;Angular;PyTorch	头部大厂
武汉	job_00455	UI设计师	创业团队	15	40	本科	应届	Spark;Nginx	中小-初创
上海	job_00456	C++开发工程师	腾讯科技	16	40	大专	3-5年	Java;Git	头部大厂
武汉	job_00457	运维工程师	创业团队	27	47	本科	3-5年	Node.js;Hadoop;PyTorch;Linux;Angular	中小-初创
北京	job_00458	数据分析师	京东	18	37	大专	应届	Kubernetes;CI/CD	头部大厂
南京	job_00459	运维工程师	某科技有限公司	9	16	大专	3-5年	Go;CI/CD;Hadoop;MySQL;TensorFlow	成长型企业
长沙	job_00460	安全工程师	小米	28	41	不限	1-3年	Python;Django;Git;Spring;Go	头部大厂
长沙	job_00461	算法工程师	IBM	8	33	大专	1-3年	Redis;Spark;MongoDB;Hadoop;Flask	中大型企业
长沙	job_00462	运维工程师	IBM	24	45	本科	5-10年	Spring;Flask;Go;Git	中大型企业
广州	job_00463	C++开发工程师	XX咨询有限公司	16	23	硕士	1年	PyTorch;React;Linux;Node.js	成长型企业
成都	job_00464	Java开发工程师	微软中国	12	30	本科	1-3年	Django;MySQL;TensorFlow;Hadoop	中大型企业
武汉	job_00465	测试工程师	IBM	24	45	本科	应届	Linux;React;Node.js;Flink;Nginx;Spark	中大型企业
重庆	job_00466	运维工程师	百度	13	32	不限	5-10年	Angular;MongoDB	头部大厂
成都	job_00467	测试工程师	字节跳动	27	43	大专	1-3年	Flask;Go;Docker;Vue	头部大厂
苏州	job_00468	全栈工程师	字节跳动	24	32	本科	应届	Docker;Flink;Hadoop;Angular;Spark;Django	头部大厂
长沙	job_00469	数据分析师	京东	12	31	不限	3-5年	MongoDB;Git;Spark;PyTorch;Node.js;CI/CD	头部大厂
长沙	job_00470	全栈工程师	蚂蚁集团	24	37	硕士	3-5年	PyTorch;Node.js;Spring	头部大厂
广州	job_00471	测试工程师	阿里巴巴	19	24	硕士	3-5年	Nginx;Hadoop;MongoDB;Linux;Flink	头部大厂
广州	job_00472	数据分析师	某科技有限公司	14	19	不限	1-3年	Spring;Docker;Git	成长型企业
北京	job_00473	Java开发工程师	哔哩哔哩	12	33	不限	1-3年	MySQL;Django	头部大厂
厦门	job_00474	iOS开发	某科技有限公司	26	51	大专	5-10年	Django;Git;Vue;Java;Hadoop;React	成长型企业
北京	job_00475	Go开发工程师	哔哩哔哩	10	24	不限	1年	PyTorch;Linux;Vue;React;Hadoop	头部大厂
广州	job_00476	iOS开发	蚂蚁集团	20	44	不限	1年	Git;MongoDB;Go;React;Angular	头部大厂
重庆	job_00477	Android开发	百度	17	40	大专	5-10年	Git;Angular;TensorFlow;Kubernetes	头部大厂
深圳	job_00478	安全工程师	美团	17	29	硕士	1年	Django;PyTorch;Java;MongoDB;CI/CD;Kubernetes	头部大厂
天津	job_00479	算法工程师	某科技有限公司	26	46	硕士	1年	Git;Python;Vue;Spark	成长型企业
南京	job_00480	运维工程师	腾讯科技	13	25	硕士	5-10年	Hadoop;Kubernetes	头部大厂
天津	job_00481	全栈工程师	网易	18	25	硕士	1年	Git;Hadoop;Spring;MySQL;Redis;Docker	头部大厂
杭州	job_00482	Go开发工程师	字节跳动	13	35	硕士	1-3年	Git;Vue;React;Hadoop;MongoDB;Django	头部大厂
厦门	job_00483	Go开发工程师	网易	14	21	本科	1-3年	Node.js;Spring;Vue;Linux;Go;Flink	头部大厂
北京	job_00484	安全工程师	百度	22	45	不限	应届	Git;Nginx;Django;Python	头部大厂
武汉	job_00485	全栈工程师	XX咨询有限公司	28	43	本科	1年	Vue;MySQL;Hadoop;Kubernetes;Redis;Linux	成长型企业
深圳	job_00486	iOS开发	快手	15	32	不限	3-5年	React;Angular;Git	头部大厂
厦门	job_00487	C++开发工程师	创业团队	11	28	不限	1-3年	Docker;Spark;Flink;MongoDB	中小-初创
南京	job_00488	Java开发工程师	百度	21	33	不限	3-5年	Spring;Spark;MongoDB	头部大厂
苏州	job_00489	C++开发工程师	字节跳动	25	47	本科	5-10年	Vue;MySQL;Hadoop	头部大厂
西安	job_00490	测试工程师	网易	10	19	大专	3-5年	Linux;MySQL;Go;Spring	头部大厂
成都	job_00491	算法工程师	百度	30	46	本科	3-5年	Java;Kubernetes	头部大厂
西安	job_00492	Java开发工程师	微软中国	13	29	硕士	1年	Spring;Linux;Angular;PyTorch;React	中大型企业
厦门	job_00493	UI设计师	小米	17	29	不限	1年	Linux;Angular;Spring;Vue;Flask	头部大厂
上海	job_00494	前端开发工程师	字节跳动	11	26	大专	3-5年	Git;CI/CD;Redis;Node.js;Flask	头部大厂
苏州	job_00495	测试工程师	某科技有限公司	28	52	本科	应届	Hadoop;React;MongoDB;Kubernetes	成长型企业
青岛	job_00496	Go开发工程师	美团	18	42	不限	3-5年	Java;Node.js;Docker;Angular;CI/CD	头部大厂
杭州	job_00497	算法工程师	腾讯科技	27	40	本科	应届	MongoDB;Docker;Angular;Go;Hadoop	头部大厂
苏州	job_00498	Python工程师	创业团队	27	39	不限	1年	React;Django;Java	中小-初创
上海	job_00499	Java开发工程师	京东	22	32	硕士	1年	MySQL;Spring;CI/CD;Go;Flask;Kubernetes	头部大厂
上海	job_00500	前端开发工程师	京东	12	24	不限	3-5年	PyTorch;Go	头部大厂
深圳	job_00501	C++开发工程师	微软中国	27	36	硕士	1-3年	Spark;Django;Redis;Python;TensorFlow	中大型企业
广州	job_00502	运维工程师	网易	27	44	不限	1-3年	Java;Spring;MySQL;Go	头部大厂
广州	job_00503	安全工程师	创业团队	5	15	本科	3-5年	Go;Python;Spark;CI/CD;Angular;React	中小-初创
深圳	job_00504	iOS开发	IBM	30	48	大专	5-10年	CI/CD;Hadoop;Kubernetes;Flink;Git;Spark	中大型企业
广州	job_00505	iOS开发	XX咨询有限公司	12	28	本科	5-10年	Django;Go;TensorFlow;Nginx;Git;Angular	成长型企业
成都	job_00506	算法工程师	创业团队	30	48	大专	3-5年	CI/CD;MongoDB;TensorFlow	中小-初创
成都	job_00507	前端开发工程师	字节跳动	18	29	大专	1-3年	Hadoop;Java	头部大厂
南京	job_00508	iOS开发	微软中国	11	33	本科	应届	Python;React;MongoDB;Java	中大型企业
武汉	job_00509	iOS开发	小米	14	24	硕士	1-3年	Node.js;Hadoop	头部大厂
杭州	job_00510	产品经理	字节跳动	20	25	本科	5-10年	Linux;Flink;Git;Redis;Vue;Python	头部大厂
苏州	job_00511	前端开发工程师	快手	28	33	本科	3-5年	Spark;Java;TensorFlow;Linux;Nginx;Flink	头部大厂
天津	job_00512	Python工程师	创业团队	6	17	本科	3-5年	Docker;Python;React;Hadoop;Angular	中小-初创
上海	job_00513	Java开发工程师	XX咨询有限公司	10	27	不限	1-3年	Hadoop;React;TensorFlow	成长型企业
天津	job_00514	UI设计师	某科技有限公司	7	20	硕士	3-5年	Docker;React	成长型企业
北京	job_00515	运维工程师	快手	13	26	硕士	应届	React;Spark;TensorFlow;Angular;Spring;MySQL	头部大厂
广州	job_00516	运维工程师	蚂蚁集团	12	36	硕士	5-10年	React;Python;Angular;Flink	头部大厂
广州	job_00517	全栈工程师	小米	9	23	大专	应届	Angular;Java;MySQL;Python;Spring;CI/CD	头部大厂
苏州	job_00518	iOS开发	XX咨询有限公司	8	26	不限	5-10年	CI/CD;Java;Redis;PyTorch;Docker;Hadoop	成长型企业
深圳	job_00519	Go开发工程师	百度	9	14	不限	应届	MongoDB;Docker;Git;PyTorch;Linux;TensorFlow	头部大厂
武汉	job_00520	数据分析师	京东	8	25	本科	应届	React;Django;Hadoop	头部大厂
青岛	job_00521	Go开发工程师	百度	28	48	不限	应届	Flink;Spark;Redis;Spring;Go;MongoDB	头部大厂
青岛	job_00522	C++开发工程师	字节跳动	18	43	本科	3-5年	TensorFlow;React;Vue;Node.js	头部大厂
广州	job_00523	全栈工程师	哔哩哔哩	17	24	硕士	5-10年	Django;Node.js;Go;Spark;Vue	头部大厂
天津	job_00524	测试工程师	拼多多	9	33	大专	5-10年	Go;Angular;Redis;Docker;Hadoop	头部大厂
苏州	job_00525	测试工程师	XX咨询有限公司	19	41	不限	1-3年	MongoDB;Linux;Nginx;Flink	成长型企业
长沙	job_00526	UI设计师	哔哩哔哩	25	50	本科	3-5年	Docker;Spark;MySQL	头部大厂
西安	job_00527	UI设计师	哔哩哔哩	17	36	不限	1年	React;PyTorch	头部大厂
青岛	job_00528	运维工程师	XX咨询有限公司	24	37	大专	应届	Go;Node.js;Hadoop;Spring;Vue;Flask	成长型企业
重庆	job_00529	产品经理	华为	20	43	大专	应届	Go;Python;Git;Flink;Hadoop;MongoDB	头部大厂
南京	job_00530	产品经理	字节跳动	14	23	不限	应届	Go;MySQL;Django	头部大厂
成都	job_00531	Android开发	华为	24	43	硕士	1年	Linux;Kubernetes;PyTorch	头部大厂
长沙	job_00532	Java开发工程师	哔哩哔哩	29	41	本科	5-10年	Kubernetes;Spring	头部大厂
西安	job_00533	测试工程师	阿里巴巴	27	51	硕士	3-5年	Vue;Kubernetes;Spark;Django	头部大厂
深圳	job_00534	Java开发工程师	美团	18	40	本科	应届	Flink;MongoDB;Linux;CI/CD;Kubernetes	头部大厂
长沙	job_00535	iOS开发	京东	5	26	大专	5-10年	Vue;Linux;TensorFlow;Docker;Spring	头部大厂
南京	job_00536	Java开发工程师	美团	21	27	不限	5-10年	TensorFlow;Go;Flink;Python;MongoDB;Nginx	头部大厂
重庆	job_00537	Android开发	百度	8	31	大专	1-3年	Go;Git;Flink	头部大厂
重庆	job_00538	Java开发工程师	拼多多	19	29	硕士	3-5年	Docker;Spark;Go;React;Flask;CI/CD	头部大厂
广州	job_00539	iOS开发	阿里巴巴	6	17	大专	应届	Flink;Go;Vue	头部大厂
长沙	job_00540	前端开发工程师	某科技有限公司	28	46	大专	1年	TensorFlow;PyTorch;CI/CD;Java;Spring;Go	成长型企业
南京	job_00541	算法工程师	某科技有限公司	29	52	硕士	3-5年	MySQL;Angular;Kubernetes	成长型企业
西安	job_00542	Android开发	阿里巴巴	6	20	本科	1年	Spark;Go	头部大厂
广州	job_00543	运维工程师	网易	14	26	大专	3-5年	Flask;TensorFlow;Java;Spark;Python	头部大厂
厦门	job_00544	数据分析师	京东	29	38	不限	1年	Vue;TensorFlow;Flask;MongoDB	头部大厂
成都	job_00545	Java开发工程师	哔哩哔哩	18	29	硕士	5-10年	React;Redis;Flask	头部大厂
青岛	job_00546	算法工程师	XX咨询有限公司	11	25	硕士	5-10年	React;Flask;Django;Java	成长型企业
厦门	job_00547	C++开发工程师	百度	15	33	大专	5-10年	Java;Flask;Kubernetes;Linux	头部大厂
长沙	job_00548	测试工程师	拼多多	8	30	不限	1-3年	React;PyTorch;Go;Spark	头部大厂
天津	job_00549	C++开发工程师	京东	21	26	硕士	5-10年	Python;CI/CD;Git;PyTorch;Redis;Spark	头部大厂
长沙	job_00550	运维工程师	微软中国	8	18	硕士	3-5年	PyTorch;Redis;CI/CD;Spark;Python;Hadoop	中大型企业
深圳	job_00551	数据分析师	腾讯科技	26	36	不限	1年	Angular;Docker;Django	头部大厂
苏州	job_00552	安全工程师	小米	27	46	大专	1年	PyTorch;Java	头部大厂
南京	job_00553	安全工程师	拼多多	30	47	本科	1-3年	Redis;PyTorch;Linux;React	头部大厂
成都	job_00554	C++开发工程师	网易	15	30	不限	5-10年	Angular;Hadoop;Flink;PyTorch;Git;Spark	头部大厂
广州	job_00555	产品经理	字节跳动	24	36	硕士	3-5年	Hadoop;CI/CD;PyTorch	头部大厂
杭州	job_00556	iOS开发	哔哩哔哩	21	40	大专	1年	Spring;MySQL;React;Flink	头部大厂
上海	job_00557	测试工程师	腾讯科技	14	30	本科	5-10年	TensorFlow;Python;Redis;Spring;Go	头部大厂
广州	job_00558	Python工程师	字节跳动	12	26	不限	5-10年	Python;CI/CD;Kubernetes;MySQL;Git	头部大厂
厦门	job_00559	产品经理	小米	16	25	本科	应届	PyTorch;Java;Vue;Spring	头部大厂
深圳	job_00560	安全工程师	腾讯科技	16	30	本科	应届	Spring;Flink;PyTorch	头部大厂
长沙	job_00561	UI设计师	阿里巴巴	12	36	本科	应届	React;Node.js;MongoDB;Go;Linux;Vue	头部大厂
北京	job_00562	产品经理	阿里巴巴	29	50	大专	3-5年	Redis;Nginx;Spark	头部大厂
广州	job_00563	Java开发工程师	京东	13	22	大专	5-10年	Linux;Hadoop;Angular	头部大厂
杭州	job_00564	iOS开发	快手	23	34	本科	3-5年	Docker;TensorFlow;Go	头部大厂
成都	job_00565	数据分析师	阿里巴巴	14	23	硕士	1年	React;Git;Nginx;MySQL;MongoDB;Hadoop	头部大厂
苏州	job_00566	C++开发工程师	腾讯科技	5	20	大专	3-5年	MySQL;Linux;Django	头部大厂
北京	job_00567	安全工程师	创业团队	13	32	不限	应届	Python;MongoDB;Hadoop	中小-初创
重庆	job_00568	测试工程师	创业团队	30	45	不限	应届	Nginx;Redis	中小-初创
武汉	job_00569	C++开发工程师	百度	29	40	大专	3-5年	Linux;Git;Vue;Kubernetes;Nginx	头部大厂
上海	job_00570	Go开发工程师	百度	6	11	本科	应届	Node.js;Hadoop	头部大厂
深圳	job_00571	C++开发工程师	腾讯科技	12	36	不限	1-3年	Linux;PyTorch	头部大厂
厦门	job_00572	全栈工程师	字节跳动	26	31	不限	应届	Redis;TensorFlow;Git	头部大厂
广州	job_00573	安全工程师	创业团队	16	27	硕士	5-10年	Vue;CI/CD;MySQL;Redis;PyTorch;Nginx	中小-初创
南京	job_00574	测试工程师	华为	22	41	大专	1年	Redis;Java;MongoDB;Angular	头部大厂
成都	job_00575	全栈工程师	拼多多	6	12	不限	应届	Python;Spark;Angular;React;Linux;Flink	头部大厂
长沙	job_00576	Python工程师	创业团队	28	43	大专	1年	Git;Django;TensorFlow	中小-初创
广州	job_00577	运维工程师	腾讯科技	23	44	不限	1-3年	MySQL;Flink;Flask;Node.js;Git;Spring	头部大厂
苏州	job_00578	UI设计师	字节跳动	12	34	大专	1年	Flask;Node.js;Go;TensorFlow;Linux;Redis	头部大厂
天津	job_00579	Java开发工程师	创业团队	9	21	大专	应届	Java;MongoDB	中小-初创
上海	job_00580	产品经理	某科技有限公司	13	35	大专	1年	Git;Go;TensorFlow;Flask	成长型企业
北京	job_00581	Java开发工程师	XX咨询有限公司	11	18	硕士	5-10年	Vue;Kubernetes	成长型企业
武汉	job_00582	C++开发工程师	百度	14	36	硕士	1年	Docker;CI/CD;MongoDB;Python;PyTorch;Hadoop	头部大厂
西安	job_00583	安全工程师	阿里巴巴	19	26	硕士	3-5年	TensorFlow;MySQL	头部大厂
上海	job_00584	全栈工程师	字节跳动	24	41	大专	1-3年	Angular;CI/CD;React;Flask	头部大厂
成都	job_00585	安全工程师	拼多多	24	47	本科	5-10年	Vue;Go;Flask;MongoDB	头部大厂
西安	job_00586	数据分析师	哔哩哔哩	12	25	硕士	1年	Node.js;MongoDB;Linux	头部大厂
重庆	job_00587	产品经理	XX咨询有限公司	23	33	不限	1-3年	Flink;Spring;Node.js;Java	成长型企业
武汉	job_00588	安全工程师	XX咨询有限公司	6	25	本科	1-3年	Spark;MySQL;Django;PyTorch	成长型企业
天津	job_00589	安全工程师	阿里巴巴	8	14	本科	3-5年	Linux;MySQL	头部大厂
重庆	job_00590	数据分析师	拼多多	27	51	硕士	3-5年	CI/CD;Linux;Flink;React	头部大厂
上海	job_00591	前端开发工程师	哔哩哔哩	24	31	本科	3-5年	MySQL;Git;Django;Spring	头部大厂
青岛	job_00592	iOS开发	XX咨询有限公司	7	19	大专	1年	Kubernetes;Vue	成长型企业
广州	job_00593	安全工程师	XX咨询有限公司	24	42	本科	1-3年	Java;Git;PyTorch;Redis;MySQL;Vue	成长型企业
长沙	job_00594	Python工程师	IBM	17	25	大专	3-5年	Flink;PyTorch;Hadoop;Spark;Django	中大型企业
武汉	job_00595	算法工程师	蚂蚁集团	16	38	不限	1-3年	PyTorch;Flask	头部大厂
长沙	job_00596	Python工程师	京东	13	18	硕士	1-3年	Docker;Flink;Nginx;Angular;Go;Git	头部大厂
厦门	job_00597	C++开发工程师	字节跳动	9	16	本科	应届	MySQL;Flask;Redis;Spark;Hadoop;TensorFlow	头部大厂
成都	job_00598	Python工程师	创业团队	8	17	大专	1-3年	Spring;Java;Node.js;MySQL	中小-初创
杭州	job_00599	C++开发工程师	XX咨询有限公司	17	27	不限	1年	Nginx;Redis;Spring;React	成长型企业
深圳	job_00600	Go开发工程师	小米	28	40	硕士	应届	Go;Hadoop;Java;TensorFlow;React;Git	头部大厂
武汉	job_00601	安全工程师	拼多多	14	23	大专	3-5年	Kubernetes;Docker	头部大厂
深圳	job_00602	测试工程师	XX咨询有限公司	21	38	不限	1-3年	TensorFlow;PyTorch;Kubernetes;Git	成长型企业
苏州	job_00603	iOS开发	京东	28	35	本科	1-3年	Flink;Django;PyTorch;Nginx;Git;Linux	头部大厂
厦门	job_00604	算法工程师	创业团队	21	30	硕士	3-5年	Angular;MySQL;Python;Linux;Node.js;Go	中小-初创
天津	job_00605	C++开发工程师	XX咨询有限公司	18	23	硕士	3-5年	PyTorch;Flink;Flask;Docker;Go	成长型企业
广州	job_00606	UI设计师	华为	10	33	不限	应届	TensorFlow;CI/CD	头部大厂
天津	job_00607	C++开发工程师	阿里巴巴	24	44	本科	1-3年	MongoDB;Docker;TensorFlow;Spring;Node.js	头部大厂
深圳	job_00608	安全工程师	百度	30	41	大专	3-5年	MySQL;Hadoop;MongoDB;Spring;Django;Python	头部大厂
西安	job_00609	前端开发工程师	蚂蚁集团	27	47	本科	应届	Go;Docker;Flink	头部大厂
北京	job_00610	Go开发工程师	小米	16	29	大专	5-10年	Flink;Python;React;Spark	头部大厂
南京	job_00611	测试工程师	腾讯科技	11	32	本科	5-10年	React;Node.js	头部大厂
上海	job_00612	Java开发工程师	小米	18	28	不限	3-5年	React;Flink	头部大厂
天津	job_00613	Android开发	某科技有限公司	14	30	硕士	应届	PyTorch;Angular;TensorFlow;MongoDB	成长型企业
重庆	job_00614	前端开发工程师	美团	16	37	硕士	应届	Django;Go;Node.js;Angular	头部大厂
重庆	job_00615	安全工程师	哔哩哔哩	28	42	不限	3-5年	Go;Flask;CI/CD	头部大厂
天津	job_00616	C++开发工程师	XX咨询有限公司	24	29	不限	1-3年	TensorFlow;React;Nginx;Spring	成长型企业
武汉	job_00617	UI设计师	IBM	9	22	本科	应届	Kubernetes;Python	中大型企业
杭州	job_00618	测试工程师	字节跳动	10	27	硕士	应届	Spark;Django;Flink;Kubernetes	头部大厂
深圳	job_00619	iOS开发	创业团队	24	29	大专	5-10年	Go;MongoDB	中小-初创
苏州	job_00620	产品经理	蚂蚁集团	11	16	硕士	应届	Flink;Docker;PyTorch;Spark;Django	头部大厂
厦门	job_00621	Go开发工程师	蚂蚁集团	12	24	不限	5-10年	CI/CD;React;Git	头部大厂
西安	job_00622	UI设计师	百度	16	25	大专	1年	MongoDB;MySQL;Hadoop;Vue;Linux	头部大厂
广州	job_00623	安全工程师	小米	19	43	本科	3-5年	CI/CD;Spark;Git	头部大厂
厦门	job_00624	产品经理	腾讯科技	13	33	不限	应届	PyTorch;CI/CD;Node.js;Flask	头部大厂
武汉	job_00625	前端开发工程师	字节跳动	19	34	硕士	5-10年	Python;Node.js;React;Kubernetes;TensorFlow;PyTorch	头部大厂
北京	job_00626	Python工程师	百度	12	18	大专	应届	Docker;Git;Linux;Spring;CI/CD	头部大厂
厦门	job_00627	前端开发工程师	华为	8	31	硕士	1-3年	PyTorch;Nginx	头部大厂
青岛	job_00628	C++开发工程师	微软中国	10	24	大专	3-5年	Kubernetes;Node.js;Hadoop;Redis;React;MySQL	中大型企业
苏州	job_00629	产品经理	字节跳动	22	38	大专	应届	Hadoop;Docker;Java;Flink;MySQL	头部大厂
武汉	job_00630	安全工程师	快手	13	38	大专	1-3年	MongoDB;Node.js	头部大厂
西安	job_00631	Java开发工程师	京东	19	30	大专	1年	Angular;React;Hadoop	头部大厂
广州	job_00632	数据分析师	美团	30	48	不限	5-10年	Spark;Git;Vue;Docker;Node.js;Redis	头部大厂
北京	job_00633	Android开发	某科技有限公司	5	14	大专	1年	Django;MySQL;Spring;Flink;Flask	成长型企业
深圳	job_00634	算法工程师	百度	30	51	大专	1-3年	Spark;Flask;Docker;Kubernetes;Redis;Git	头部大厂
武汉	job_00635	UI设计师	阿里巴巴	8	17	不限	3-5年	Linux;CI/CD;Java	头部大厂
长沙	job_00636	UI设计师	京东	25	50	本科	1-3年	Linux;TensorFlow;React;Docker;Java	头部大厂
重庆	job_00637	算法工程师	某科技有限公司	23	37	大专	1年	Go;Python;Flask;Hadoop	成长型企业
苏州	job_00638	全栈工程师	哔哩哔哩	22	44	本科	1-3年	Python;Kubernetes	头部大厂
西安	job_00639	Java开发工程师	字节跳动	15	38	大专	5-10年	Redis;MongoDB;Django;MySQL	头部大厂
北京	job_00640	Android开发	网易	11	20	硕士	5-10年	MongoDB;React;Flask;Java	头部大厂
武汉	job_00641	前端开发工程师	华为	28	41	不限	5-10年	Python;Django;React	头部大厂
杭州	job_00642	产品经理	快手	11	23	硕士	应届	Hadoop;React;MongoDB	头部大厂
南京	job_00643	算法工程师	美团	29	39	大专	1年	Git;React;Angular	头部大厂
南京	job_00644	C++开发工程师	IBM	23	30	本科	应届	Linux;Hadoop;Vue;Go;Flink	中大型企业
长沙	job_00645	全栈工程师	京东	25	50	硕士	1-3年	Spring;PyTorch;Spark;Flink	头部大厂
苏州	job_00646	测试工程师	哔哩哔哩	12	31	硕士	5-10年	Flink;Vue;Git;Angular;Java;React	头部大厂
南京	job_00647	UI设计师	美团	16	26	硕士	应届	Git;Kubernetes;Linux;Django;Nginx	头部大厂
南京	job_00648	UI设计师	创业团队	15	31	硕士	1年	Git;Flask	中小-初创
厦门	job_00649	产品经理	阿里巴巴	23	34	硕士	1-3年	Git;Vue	头部大厂
上海	job_00650	算法工程师	蚂蚁集团	20	44	大专	应届	PyTorch;CI/CD;Spark	头部大厂
青岛	job_00651	安全工程师	华为	17	30	大专	应届	Angular;Linux	头部大厂
西安	job_00652	UI设计师	腾讯科技	14	29	硕士	3-5年	Docker;Angular;Node.js;Linux;Kubernetes;Git	头部大厂
重庆	job_00653	Python工程师	哔哩哔哩	9	14	硕士	应届	React;CI/CD;Vue;Go;TensorFlow;MongoDB	头部大厂
苏州	job_00654	iOS开发	网易	10	34	硕士	1-3年	Kubernetes;Flask;Python;Java;Spring;TensorFlow	头部大厂
西安	job_00655	Go开发工程师	腾讯科技	12	28	本科	应届	Vue;Flask;Git;Nginx;Hadoop	头部大厂
重庆	job_00656	Java开发工程师	字节跳动	19	43	不限	3-5年	PyTorch;Nginx;Angular;Vue;React	头部大厂
杭州	job_00657	C++开发工程师	拼多多	7	23	本科	应届	Nginx;Spark	头部大厂
武汉	job_00658	Android开发	哔哩哔哩	13	33	硕士	3-5年	Go;Angular;TensorFlow;Flask;Node.js	头部大厂
南京	job_00659	算法工程师	美团	8	19	硕士	应届	Go;TensorFlow;MongoDB;Hadoop;Git;Kubernetes	头部大厂
厦门	job_00660	Python工程师	腾讯科技	10	15	硕士	1年	CI/CD;Nginx;Docker;Django;Kubernetes;Redis	头部大厂
广州	job_00661	安全工程师	网易	16	30	硕士	1-3年	Git;Kubernetes	头部大厂
武汉	job_00662	前端开发工程师	蚂蚁集团	23	44	不限	1年	TensorFlow;Kubernetes;Git;Spring;Nginx;Hadoop	头部大厂
上海	job_00663	算法工程师	阿里巴巴	16	33	硕士	5-10年	Spark;MongoDB;MySQL;Go;PyTorch	头部大厂
苏州	job_00664	测试工程师	阿里巴巴	10	15	硕士	3-5年	Hadoop;Nginx;Docker;Redis;Spring;Java	头部大厂
厦门	job_00665	数据分析师	IBM	23	46	硕士	应届	Spark;Angular;TensorFlow;MySQL;Nginx;Python	中大型企业
重庆	job_00666	算法工程师	百度	22	40	本科	应届	Django;Angular;Hadoop;MongoDB;Go	头部大厂
重庆	job_00667	Python工程师	百度	8	30	本科	3-5年	MySQL;Linux;Kubernetes;React;Docker;Git	头部大厂
杭州	job_00668	Python工程师	小米	18	43	不限	1年	Docker;Python	头部大厂
南京	job_00669	前端开发工程师	腾讯科技	9	23	不限	应届	Flask;Linux;Go;Django;PyTorch	头部大厂
武汉	job_00670	Go开发工程师	小米	22	32	硕士	1年	Redis;Flink;Django;Nginx;MongoDB	头部大厂
广州	job_00671	C++开发工程师	字节跳动	12	25	本科	应届	Spark;MySQL;Django	头部大厂
西安	job_00672	Go开发工程师	创业团队	18	24	不限	1年	Java;Redis;Flink	中小-初创
天津	job_00673	运维工程师	XX咨询有限公司	26	51	不限	1-3年	Django;MySQL;CI/CD;Docker;Redis;Nginx	成长型企业
广州	job_00674	前端开发工程师	蚂蚁集团	8	17	不限	3-5年	MongoDB;Hadoop;Flask;Flink	头部大厂
武汉	job_00675	测试工程师	IBM	26	50	硕士	1年	Spark;Hadoop;Django	中大型企业
南京	job_00676	产品经理	百度	24	35	大专	应届	Node.js;Spring;MySQL;Git;React	头部大厂
武汉	job_00677	测试工程师	拼多多	8	25	硕士	1年	Git;Linux;Java;React;PyTorch	头部大厂
武汉	job_00678	Python工程师	微软中国	8	18	不限	1年	Flink;Go	中大型企业
苏州	job_00679	Python工程师	字节跳动	20	32	不限	应届	React;Hadoop;Redis;Flink;Kubernetes	头部大厂
长沙	job_00680	算法工程师	小米	12	28	硕士	1-3年	Spring;PyTorch;MySQL;Angular;Java	头部大厂
长沙	job_00681	算法工程师	哔哩哔哩	13	27	大专	5-10年	Kubernetes;Spring;Git;MongoDB;Angular	头部大厂
长沙	job_00682	Android开发	IBM	9	17	不限	1年	Vue;Spring;Nginx;Docker;Flask	中大型企业
厦门	job_00683	产品经理	微软中国	18	42	大专	5-10年	Flink;Django;Python	中大型企业
武汉	job_00684	UI设计师	蚂蚁集团	11	34	大专	5-10年	Nginx;Docker;Python;Spring	头部大厂
西安	job_00685	产品经理	拼多多	25	36	不限	1-3年	CI/CD;Nginx;Flink;Vue;Flask;Linux	头部大厂
上海	job_00686	UI设计师	腾讯科技	9	28	不限	5-10年	Flask;Go;Spark	头部大厂
深圳	job_00687	数据分析师	拼多多	30	49	硕士	应届	Nginx;Flask	头部大厂
杭州	job_00688	数据分析师	腾讯科技	26	50	大专	1年	PyTorch;Git;Linux	头部大厂
西安	job_00689	产品经理	字节跳动	14	39	大专	1-3年	Git;PyTorch;Python	头部大厂
西安	job_00690	安全工程师	快手	21	28	硕士	3-5年	TensorFlow;Angular;Node.js	头部大厂
天津	job_00691	全栈工程师	小米	7	19	大专	3-5年	Java;Python	头部大厂
长沙	job_00692	算法工程师	网易	22	35	大专	应届	Vue;Go;MySQL;Nginx;MongoDB	头部大厂
北京	job_00693	iOS开发	百度	17	27	大专	1年	MySQL;Angular;Spark;Spring	头部大厂
厦门	job_00694	全栈工程师	京东	11	19	大专	5-10年	Redis;Flask;MySQL;Java;React	头部大厂
苏州	job_00695	产品经理	京东	15	23	硕士	3-5年	Nginx;Vue;React;Flink	头部大厂
苏州	job_00696	Go开发工程师	XX咨询有限公司	18	25	本科	1-3年	MongoDB;Docker;Flink;MySQL	成长型企业
天津	job_00697	数据分析师	哔哩哔哩	17	39	不限	应届	TensorFlow;React;Flink	头部大厂
西安	job_00698	Python工程师	网易	24	31	硕士	5-10年	MySQL;TensorFlow;Go;Flink	头部大厂
西安	job_00699	Go开发工程师	小米	5	18	大专	1-3年	Git;Nginx	头部大厂
南京	job_00700	Python工程师	创业团队	25	40	大专	5-10年	Go;Nginx;Kubernetes	中小-初创
厦门	job_00701	产品经理	腾讯科技	15	25	大专	3-5年	Angular;Java;Vue;Flask	头部大厂
深圳	job_00702	测试工程师	阿里巴巴	29	47	硕士	应届	Spring;Node.js;Vue;Spark;Git;Python	头部大厂
青岛	job_00703	安全工程师	某科技有限公司	28	35	本科	1-3年	Django;Node.js	成长型企业
深圳	job_00704	算法工程师	美团	16	30	本科	应届	Spark;Git;Flink;Django	头部大厂
北京	job_00705	产品经理	快手	8	13	本科	5-10年	MongoDB;TensorFlow;Hadoop;Go	头部大厂
苏州	job_00706	Android开发	XX咨询有限公司	22	32	不限	1-3年	Angular;Vue;TensorFlow;Flink	成长型企业
广州	job_00707	安全工程师	IBM	20	33	不限	5-10年	Python;Spring;Nginx;Flink;Node.js	中大型企业
天津	job_00708	运维工程师	蚂蚁集团	10	22	硕士	3-5年	Spring;React;Angular;PyTorch;Linux;Node.js	头部大厂
西安	job_00709	前端开发工程师	阿里巴巴	28	36	大专	3-5年	Nginx;MongoDB;Django	头部大厂
广州	job_00710	Android开发	IBM	22	41	大专	1年	CI/CD;MongoDB;Spring;PyTorch;Nginx;Python	中大型企业
武汉	job_00711	Java开发工程师	微软中国	29	44	本科	应届	Vue;Git	中大型企业
青岛	job_00712	UI设计师	小米	18	39	大专	3-5年	PyTorch;Redis;Angular;Java	头部大厂
重庆	job_00713	Python工程师	IBM	25	40	硕士	5-10年	Nginx;Python;Flask;MongoDB;Kubernetes;TensorFlow	中大型企业
南京	job_00714	前端开发工程师	网易	29	50	大专	3-5年	Kubernetes;MySQL	头部大厂
天津	job_00715	Android开发	某科技有限公司	27	44	大专	3-5年	Flink;Angular;Git	成长型企业
厦门	job_00716	安全工程师	华为	20	33	不限	应届	Git;React;MySQL	头部大厂
长沙	job_00717	全栈工程师	微软中国	11	21	硕士	1-3年	Hadoop;Flask;Docker	中大型企业
上海	job_00718	全栈工程师	京东	10	17	本科	3-5年	Docker;MongoDB;Kubernetes	头部大厂
苏州	job_00719	数据分析师	哔哩哔哩	23	36	本科	1-3年	Hadoop;Python;Django;Vue;Nginx;React	头部大厂
西安	job_00720	C++开发工程师	哔哩哔哩	20	25	大专	1-3年	Linux;Node.js;React;Spring;Go;MongoDB	头部大厂
上海	job_00721	安全工程师	微软中国	29	37	不限	3-5年	Docker;Hadoop;Django;Vue;PyTorch;Java	中大型企业
青岛	job_00722	C++开发工程师	京东	17	32	硕士	3-5年	Linux;Git;Spring	头部大厂
深圳	job_00723	算法工程师	快手	29	50	硕士	5-10年	Kubernetes;React	头部大厂
武汉	job_00724	iOS开发	蚂蚁集团	15	32	本科	1年	TensorFlow;Django;Spark;React	头部大厂
北京	job_00725	安全工程师	拼多多	30	50	不限	应届	CI/CD;MySQL;MongoDB;Redis;Go	头部大厂
苏州	job_00726	运维工程师	微软中国	12	36	硕士	3-5年	Linux;Node.js;Spark	中大型企业
天津	job_00727	Python工程师	创业团队	26	31	不限	1-3年	PyTorch;MongoDB	中小-初创
杭州	job_00728	全栈工程师	快手	29	50	大专	5-10年	Kubernetes;Node.js;Linux;Vue	头部大厂
长沙	job_00729	全栈工程师	XX咨询有限公司	13	23	大专	1年	Python;Docker;Nginx	成长型企业
天津	job_00730	数据分析师	快手	28	47	本科	应届	Angular;Linux	头部大厂
成都	job_00731	算法工程师	字节跳动	16	22	硕士	应届	Nginx;PyTorch;Spark	头部大厂
武汉	job_00732	安全工程师	XX咨询有限公司	30	50	大专	应届	MySQL;Java	成长型企业
广州	job_00733	iOS开发	腾讯科技	8	22	硕士	1-3年	Django;Spark;Flink;Spring;CI/CD;React	头部大厂
北京	job_00734	Android开发	快手	6	11	不限	1-3年	Flask;Go;Spark;CI/CD;Docker;Git	头部大厂
苏州	job_00735	数据分析师	小米	9	30	硕士	3-5年	Hadoop;Node.js	头部大厂
厦门	job_00736	运维工程师	快手	8	31	大专	5-10年	React;Python	头部大厂
上海	job_00737	Java开发工程师	创业团队	17	36	大专	1年	Nginx;Flink;Git;CI/CD;TensorFlow;Python	中小-初创
北京	job_00738	Go开发工程师	创业团队	23	35	硕士	1-3年	Git;Spring;Redis;Flask;Go;TensorFlow	中小-初创
武汉	job_00739	iOS开发	华为	22	40	大专	1-3年	Node.js;MySQL;Git;Linux;PyTorch	头部大厂
上海	job_00740	C++开发工程师	拼多多	10	31	硕士	3-5年	TensorFlow;Kubernetes;Python;Spark	头部大厂
广州	job_00741	Python工程师	华为	9	33	不限	应届	Hadoop;Java;Nginx;Python	头部大厂
武汉	job_00742	前端开发工程师	创业团队	9	33	不限	5-10年	MongoDB;Python;Git;Node.js;Flink;Spark	中小-初创
南京	job_00743	前端开发工程师	蚂蚁集团	12	20	硕士	3-5年	Flink;Django;Angular;Spring	头部大厂
深圳	job_00744	安全工程师	华为	26	41	不限	应届	Spring;Django;Java	头部大厂
重庆	job_00745	iOS开发	网易	11	32	本科	应届	MySQL;Linux;Go;Spring;Python	头部大厂
成都	job_00746	iOS开发	IBM	16	31	硕士	5-10年	Django;Spark;Linux;MySQL	中大型企业
武汉	job_00747	产品经理	百度	18	39	本科	1年	Flink;Django;Vue;Spring	头部大厂
北京	job_00748	Java开发工程师	哔哩哔哩	21	39	硕士	5-10年	Java;Spring;React;MongoDB	头部大厂
南京	job_00749	运维工程师	蚂蚁集团	24	30	不限	1-3年	Django;TensorFlow;Git;MySQL;CI/CD;Spring	头部大厂
天津	job_00750	Java开发工程师	小米	16	21	本科	1年	MySQL;Linux	头部大厂
上海	job_00751	iOS开发	网易	17	22	大专	应届	Redis;Vue;Node.js;Nginx;Python	头部大厂
长沙	job_00752	iOS开发	XX咨询有限公司	18	41	不限	应届	Java;Python	成长型企业
苏州	job_00753	安全工程师	快手	24	42	硕士	1年	Flask;Hadoop;Kubernetes	头部大厂
杭州	job_00754	C++开发工程师	百度	23	36	本科	3-5年	Linux;Go;Hadoop;Python;Flink	头部大厂
成都	job_00755	数据分析师	美团	27	44	本科	5-10年	Nginx;Kubernetes;CI/CD	头部大厂
重庆	job_00756	iOS开发	创业团队	18	32	不限	1-3年	Node.js;Hadoop;Python;React;Django;TensorFlow	中小-初创
杭州	job_00757	测试工程师	拼多多	24	45	硕士	应届	MongoDB;Angular	头部大厂
南京	job_00758	测试工程师	哔哩哔哩	13	26	本科	1年	TensorFlow;Go;React;Redis;PyTorch	头部大厂
武汉	job_00759	产品经理	拼多多	24	35	不限	应届	Hadoop;Docker;Angular;Vue;Flask	头部大厂
深圳	job_00760	运维工程师	哔哩哔哩	14	32	大专	3-5年	Python;Redis;Flink;Docker	头部大厂
成都	job_00761	Go开发工程师	网易	27	51	硕士	3-5年	Django;Vue;Linux;Go;Angular	头部大厂
成都	job_00762	安全工程师	快手	15	33	硕士	3-5年	Nginx;Django;CI/CD	头部大厂
青岛	job_00763	Go开发工程师	阿里巴巴	22	47	硕士	1年	Vue;Python;Docker;Nginx	头部大厂
天津	job_00764	前端开发工程师	字节跳动	10	16	硕士	5-10年	Spark;Django;Kubernetes;Docker;CI/CD;Angular	头部大厂
成都	job_00765	Go开发工程师	网易	28	43	不限	1-3年	Nginx;React;Vue;PyTorch;Spark;Django	头部大厂
北京	job_00766	Java开发工程师	网易	9	18	不限	应届	Django;Kubernetes	头部大厂
上海	job_00767	Android开发	小米	7	31	不限	1年	Flask;React;Go;Django;PyTorch	头部大厂
杭州	job_00768	测试工程师	微软中国	18	26	本科	1年	Redis;Git;Hadoop;Kubernetes	中大型企业
深圳	job_00769	测试工程师	字节跳动	30	35	不限	1年	Docker;Spring	头部大厂
天津	job_00770	Android开发	拼多多	9	32	大专	3-5年	Node.js;TensorFlow;Linux	头部大厂
武汉	job_00771	iOS开发	字节跳动	7	16	本科	应届	Spring;Flask	头部大厂
武汉	job_00772	UI设计师	哔哩哔哩	9	17	本科	5-10年	Linux;CI/CD;Hadoop;MongoDB	头部大厂
青岛	job_00773	测试工程师	字节跳动	28	50	本科	1年	CI/CD;TensorFlow;Redis;PyTorch;Docker;MySQL	头部大厂
上海	job_00774	安全工程师	快手	14	27	本科	1年	Go;Flask;Node.js;Angular	头部大厂
武汉	job_00775	产品经理	微软中国	5	28	不限	5-10年	MySQL;Linux;Django;React;Go;PyTorch	中大型企业
天津	job_00776	前端开发工程师	美团	8	18	硕士	1年	Redis;Nginx;Go;Django	头部大厂
长沙	job_00777	iOS开发	字节跳动	16	25	大专	1-3年	CI/CD;Spring;Docker;Spark;Go;Vue	头部大厂
广州	job_00778	算法工程师	小米	26	42	硕士	3-5年	Django;MySQL;Kubernetes;Linux;Docker	头部大厂
北京	job_00779	算法工程师	百度	10	33	大专	3-5年	TensorFlow;React;Git	头部大厂
深圳	job_00780	iOS开发	京东	19	38	硕士	1年	Vue;Kubernetes;TensorFlow;PyTorch	头部大厂
成都	job_00781	数据分析师	网易	25	32	本科	5-10年	Linux;MongoDB;MySQL	头部大厂
厦门	job_00782	数据分析师	小米	23	48	本科	3-5年	Go;MongoDB;MySQL;Vue;Redis;Django	头部大厂
南京	job_00783	iOS开发	拼多多	21	29	硕士	1-3年	Flask;CI/CD	头部大厂
成都	job_00784	安全工程师	快手	30	51	硕士	1-3年	Kubernetes;Flink	头部大厂
杭州	job_00785	前端开发工程师	小米	17	26	不限	1-3年	Java;Go;CI/CD;PyTorch;Kubernetes;Python	头部大厂
广州	job_00786	数据分析师	美团	23	28	大专	3-5年	Go;Linux;Node.js	头部大厂
南京	job_00787	产品经理	创业团队	25	46	不限	5-10年	Django;Node.js	中小-初创
西安	job_00788	Java开发工程师	美团	25	44	本科	1年	Flask;Flink;Linux;MongoDB;Git	头部大厂
长沙	job_00789	前端开发工程师	华为	6	24	本科	5-10年	Angular;Hadoop;Kubernetes;Spring	头部大厂
广州	job_00790	Java开发工程师	哔哩哔哩	7	32	硕士	应届	Flink;Nginx;Git	头部大厂
武汉	job_00791	Python工程师	哔哩哔哩	9	19	不限	1-3年	TensorFlow;Go;Angular;React;Kubernetes;Redis	头部大厂
天津	job_00792	前端开发工程师	快手	22	31	本科	3-5年	Django;MongoDB;Redis;Flink	头部大厂
青岛	job_00793	测试工程师	XX咨询有限公司	12	34	不限	1年	MongoDB;React;Angular;Kubernetes;Java	成长型企业
成都	job_00794	Python工程师	拼多多	9	25	不限	1-3年	Git;TensorFlow	头部大厂
长沙	job_00795	运维工程师	京东	28	40	本科	应届	Angular;MySQL;Flask;Redis;Kubernetes;Docker	头部大厂
苏州	job_00796	测试工程师	某科技有限公司	23	40	大专	3-5年	PyTorch;MySQL;Flink;Django;Nginx;Python	成长型企业
杭州	job_00797	前端开发工程师	京东	20	28	本科	1年	Python;Docker;Redis;Kubernetes;Git;Angular	头部大厂
青岛	job_00798	运维工程师	蚂蚁集团	16	41	大专	1年	PyTorch;Go;Python;React	头部大厂
厦门	job_00799	测试工程师	小米	6	21	本科	应届	Docker;Nginx;Redis;MongoDB;Node.js;Flink	头部大厂
杭州	job_00800	C++开发工程师	百度	18	40	不限	1年	Python;TensorFlow;Java;Spring;Angular;Hadoop	头部大厂
上海	job_00801	Go开发工程师	微软中国	11	16	不限	应届	Node.js;Redis;Python;Spark;Vue;Spring	中大型企业
深圳	job_00802	安全工程师	某科技有限公司	20	31	本科	5-10年	MongoDB;Hadoop;TensorFlow	成长型企业
武汉	job_00803	安全工程师	IBM	18	34	不限	应届	Vue;Spark;Python;Git;CI/CD;Kubernetes	中大型企业
长沙	job_00804	Java开发工程师	哔哩哔哩	15	30	本科	3-5年	Flink;Angular;CI/CD	头部大厂
天津	job_00805	产品经理	字节跳动	28	47	不限	1年	Vue;MySQL;Linux	头部大厂
武汉	job_00806	运维工程师	蚂蚁集团	8	21	硕士	1-3年	Spring;MySQL;Spark	头部大厂
青岛	job_00807	UI设计师	快手	30	38	大专	3-5年	PyTorch;Django;Kubernetes	头部大厂
长沙	job_00808	前端开发工程师	IBM	28	36	大专	3-5年	Angular;Redis	中大型企业
长沙	job_00809	全栈工程师	快手	10	19	大专	应届	Hadoop;Angular;Docker;Node.js;PyTorch	头部大厂
西安	job_00810	UI设计师	拼多多	10	24	大专	应届	Vue;Angular;Nginx;Spring;Hadoop	头部大厂
南京	job_00811	C++开发工程师	百度	29	38	硕士	1年	Spark;PyTorch;Linux;Redis;TensorFlow	头部大厂
天津	job_00812	UI设计师	网易	14	36	硕士	5-10年	Flink;Redis;PyTorch	头部大厂
青岛	job_00813	安全工程师	京东	25	45	大专	5-10年	Redis;Spark	头部大厂
成都	job_00814	Python工程师	腾讯科技	19	42	本科	1年	Linux;Node.js;Git;Hadoop;Django;TensorFlow	头部大厂
重庆	job_00815	算法工程师	蚂蚁集团	22	44	不限	5-10年	Spark;Hadoop;CI/CD	头部大厂
长沙	job_00816	算法工程师	美团	7	23	不限	1-3年	MySQL;Spring;MongoDB;PyTorch;Flink;Redis	头部大厂
南京	job_00817	产品经理	某科技有限公司	17	25	不限	1-3年	Angular;Spark;Redis;CI/CD	成长型企业
武汉	job_00818	Java开发工程师	XX咨询有限公司	26	38	硕士	应届	Hadoop;Spring;Linux;Python	成长型企业
西安	job_00819	iOS开发	快手	13	32	不限	5-10年	PyTorch;MongoDB;Angular;Linux;Flink	头部大厂
苏州	job_00820	算法工程师	某科技有限公司	23	40	本科	1-3年	Django;Python;Kubernetes;Redis;Docker	成长型企业
青岛	job_00821	测试工程师	IBM	14	27	大专	1-3年	Git;Kubernetes;Angular;Python;Node.js;TensorFlow	中大型企业
南京	job_00822	Python工程师	腾讯科技	21	28	不限	5-10年	Nginx;Kubernetes	头部大厂
杭州	job_00823	C++开发工程师	京东	24	46	不限	1-3年	Docker;Redis;PyTorch;Python;MySQL;MongoDB	头部大厂
南京	job_00824	前端开发工程师	小米	7	21	本科	3-5年	MongoDB;MySQL;Python;Kubernetes	头部大厂
重庆	job_00825	全栈工程师	百度	7	16	不限	3-5年	Docker;Node.js;Django;Go;Hadoop;Nginx	头部大厂
西安	job_00826	C++开发工程师	阿里巴巴	18	23	硕士	1年	CI/CD;Hadoop;MySQL;Linux	头部大厂
西安	job_00827	数据分析师	字节跳动	25	44	本科	1年	Spark;Docker;Hadoop;Spring	头部大厂
北京	job_00828	Android开发	IBM	15	39	不限	5-10年	React;Spark;Kubernetes	中大型企业
重庆	job_00829	Android开发	蚂蚁集团	16	37	本科	5-10年	Java;MongoDB;React;Go;Redis	头部大厂
西安	job_00830	全栈工程师	IBM	16	35	本科	5-10年	React;Docker;MySQL;Redis;Angular	中大型企业
成都	job_00831	UI设计师	拼多多	5	23	本科	3-5年	Redis;Docker;MongoDB;Hadoop	头部大厂
重庆	job_00832	Go开发工程师	华为	26	51	大专	5-10年	MongoDB;Nginx;MySQL	头部大厂
杭州	job_00833	Android开发	XX咨询有限公司	14	37	本科	1年	Java;CI/CD;PyTorch;Hadoop;Docker	成长型企业
苏州	job_00834	全栈工程师	某科技有限公司	30	46	硕士	应届	Flink;Python;Docker;Redis;Git;Node.js	成长型企业
成都	job_00835	iOS开发	京东	15	23	大专	5-10年	TensorFlow;Spring;Hadoop;Flink	头部大厂
西安	job_00836	数据分析师	美团	12	17	大专	1年	Hadoop;Angular;Redis;Spark;Nginx	头部大厂
西安	job_00837	前端开发工程师	腾讯科技	23	40	本科	3-5年	Kubernetes;Angular;Node.js;Git;Java	头部大厂
上海	job_00838	产品经理	华为	9	31	大专	5-10年	Spring;TensorFlow;Redis	头部大厂
长沙	job_00839	iOS开发	微软中国	26	31	本科	应届	Spark;Linux	中大型企业
上海	job_00840	运维工程师	哔哩哔哩	10	19	本科	1年	Python;Django;Vue;Go	头部大厂
青岛	job_00841	运维工程师	京东	17	23	不限	1年	Nginx;PyTorch;Flink;Angular;Docker;TensorFlow	头部大厂
西安	job_00842	前端开发工程师	网易	6	24	大专	1年	Django;Flink;Spark;Flask;Linux	头部大厂
成都	job_00843	产品经理	华为	20	29	硕士	1-3年	Python;Django;Git;MySQL;Linux	头部大厂
上海	job_00844	算法工程师	微软中国	14	28	不限	1年	Flink;Redis;PyTorch;Python	中大型企业
深圳	job_00845	产品经理	某科技有限公司	22	36	硕士	1年	Spring;Docker;Nginx;MongoDB;Angular	成长型企业
苏州	job_00846	Java开发工程师	创业团队	23	41	大专	应届	Linux;Redis;CI/CD;Python	中小-初创
北京	job_00847	算法工程师	网易	6	29	本科	1-3年	Vue;Python;Hadoop;Docker	头部大厂
南京	job_00848	C++开发工程师	网易	18	23	大专	5-10年	Spring;Django;Flink	头部大厂
北京	job_00849	算法工程师	某科技有限公司	25	34	不限	应届	MongoDB;MySQL;Kubernetes	成长型企业
杭州	job_00850	C++开发工程师	网易	6	20	不限	应届	Spring;Angular	头部大厂
北京	job_00851	安全工程师	IBM	23	31	不限	5-10年	MongoDB;React;Git;Flink	中大型企业
长沙	job_00852	Python工程师	小米	17	24	不限	3-5年	Nginx;Kubernetes;Spark;Node.js;Spring	头部大厂
厦门	job_00853	Python工程师	哔哩哔哩	10	28	硕士	1-3年	Java;Redis	头部大厂
北京	job_00854	产品经理	微软中国	12	18	不限	应届	Nginx;Linux;Angular;Hadoop;React	中大型企业
苏州	job_00855	UI设计师	腾讯科技	8	15	本科	1年	Vue;Flink;Java;React;Django;Linux	头部大厂
西安	job_00856	Java开发工程师	京东	22	29	大专	3-5年	Angular;Vue;Spark;Flink	头部大厂
上海	job_00857	Java开发工程师	快手	23	42	大专	3-5年	Spark;MongoDB;Java	头部大厂
天津	job_00858	产品经理	微软中国	6	14	硕士	1年	Docker;Flink;Java	中大型企业
南京	job_00859	运维工程师	创业团队	25	46	本科	应届	Spark;Flink;MySQL	中小-初创
西安	job_00860	iOS开发	网易	14	39	硕士	1年	Flask;Nginx;React	头部大厂
武汉	job_00861	前端开发工程师	阿里巴巴	7	31	不限	应届	PyTorch;MySQL;Git;Angular;Java	头部大厂
广州	job_00862	UI设计师	快手	15	26	本科	1-3年	Angular;Nginx;Docker;Spring;CI/CD	头部大厂
苏州	job_00863	C++开发工程师	创业团队	6	28	硕士	应届	Python;Vue;Docker;Redis;Spring;MongoDB	中小-初创
深圳	job_00864	运维工程师	华为	14	31	本科	1-3年	Spark;Redis;MySQL;PyTorch;Vue;Go	头部大厂
深圳	job_00865	iOS开发	拼多多	25	33	不限	5-10年	Python;CI/CD;Go;Node.js	头部大厂
西安	job_00866	数据分析师	字节跳动	5	28	本科	3-5年	Angular;Redis;Spring;Vue;PyTorch	头部大厂
杭州	job_00867	Python工程师	创业团队	9	14	大专	应届	Java;Nginx;Python	中小-初创
成都	job_00868	Python工程师	创业团队	8	20	不限	1-3年	Nginx;React;Angular;PyTorch;Linux;TensorFlow	中小-初创
广州	job_00869	Java开发工程师	XX咨询有限公司	20	30	硕士	应届	MySQL;Flask;Git;Flink;Django	成长型企业
天津	job_00870	测试工程师	网易	15	32	大专	1年	Flink;Spring;Angular	头部大厂
重庆	job_00871	数据分析师	腾讯科技	21	34	大专	3-5年	Hadoop;Nginx	头部大厂
天津	job_00872	C++开发工程师	XX咨询有限公司	17	38	大专	5-10年	Git;Hadoop;PyTorch	成长型企业
深圳	job_00873	Go开发工程师	华为	11	29	不限	5-10年	Flask;Node.js;Hadoop;PyTorch;Flink;Spark	头部大厂
杭州	job_00874	全栈工程师	美团	22	37	硕士	3-5年	Docker;Django;Angular;Spring;MySQL;PyTorch	头部大厂
武汉	job_00875	测试工程师	某科技有限公司	5	25	本科	3-5年	Redis;Django	成长型企业
南京	job_00876	Java开发工程师	百度	23	41	大专	3-5年	Node.js;Flink	头部大厂
杭州	job_00877	Go开发工程师	网易	6	21	不限	1-3年	Kubernetes;Java;TensorFlow;Hadoop	头部大厂
长沙	job_00878	C++开发工程师	京东	12	25	不限	应届	Go;Angular;CI/CD;Linux	头部大厂
南京	job_00879	前端开发工程师	创业团队	9	25	硕士	1年	Linux;Spark;CI/CD	中小-初创
深圳	job_00880	Go开发工程师	百度	6	25	本科	3-5年	Hadoop;TensorFlow;Angular;Node.js;Kubernetes	头部大厂
苏州	job_00881	产品经理	美团	28	50	本科	1年	Git;Django;MongoDB	头部大厂
北京	job_00882	算法工程师	网易	5	17	不限	应届	Python;Spring;Django;Git;Go;Flink	头部大厂
南京	job_00883	数据分析师	XX咨询有限公司	8	30	硕士	1-3年	Linux;PyTorch;Python;CI/CD;Spark	成长型企业
西安	job_00884	Python工程师	百度	6	31	本科	1-3年	Flask;MongoDB;MySQL;Vue	头部大厂
苏州	job_00885	产品经理	拼多多	7	32	大专	1年	MongoDB;Nginx	头部大厂
广州	job_00886	Java开发工程师	百度	29	34	不限	应届	Hadoop;PyTorch	头部大厂
厦门	job_00887	测试工程师	蚂蚁集团	6	13	硕士	1-3年	Python;Nginx;Linux;Angular;MySQL;Go	头部大厂
成都	job_00888	Java开发工程师	快手	22	45	硕士	3-5年	MySQL;Python;Java;Spark;Hadoop	头部大厂
深圳	job_00889	Android开发	IBM	18	27	不限	1-3年	Django;Docker;CI/CD	中大型企业
苏州	job_00890	UI设计师	IBM	13	22	大专	1年	Node.js;CI/CD	中大型企业
广州	job_00891	Android开发	百度	11	32	本科	5-10年	Docker;MongoDB	头部大厂
长沙	job_00892	前端开发工程师	拼多多	6	18	大专	应届	Python;Vue;Hadoop;Django;Nginx	头部大厂
西安	job_00893	Python工程师	京东	29	39	本科	3-5年	Vue;React	头部大厂
天津	job_00894	前端开发工程师	网易	27	51	硕士	5-10年	Angular;Docker	头部大厂
天津	job_00895	Python工程师	XX咨询有限公司	29	54	不限	1-3年	Python;MySQL;Hadoop;React;Spring	成长型企业
杭州	job_00896	iOS开发	美团	23	47	硕士	1年	Vue;CI/CD;MongoDB;Flask	头部大厂
青岛	job_00897	C++开发工程师	美团	18	33	本科	应届	Flask;React;CI/CD	头部大厂
广州	job_00898	Android开发	小米	16	34	大专	1-3年	Hadoop;Flink;CI/CD;Redis;Vue;Java	头部大厂
南京	job_00899	运维工程师	京东	26	43	大专	3-5年	Spring;Vue;MySQL;Redis;React;Spark	头部大厂
重庆	job_00900	Java开发工程师	某科技有限公司	27	32	本科	应届	Django;Kubernetes;Python;Vue	成长型企业
上海	job_00901	Go开发工程师	小米	11	20	硕士	1年	Vue;Nginx	头部大厂
广州	job_00902	算法工程师	华为	12	26	本科	1年	React;Redis	头部大厂
武汉	job_00903	iOS开发	微软中国	20	43	大专	1年	Hadoop;Linux	中大型企业
杭州	job_00904	全栈工程师	华为	23	43	硕士	3-5年	Java;MongoDB;Docker	头部大厂
长沙	job_00905	Android开发	微软中国	8	23	本科	3-5年	Flink;Hadoop;Redis	中大型企业
广州	job_00906	UI设计师	小米	12	24	不限	1-3年	MongoDB;Docker	头部大厂
北京	job_00907	UI设计师	蚂蚁集团	14	35	本科	应届	Java;Django;Docker	头部大厂
杭州	job_00908	Java开发工程师	小米	16	21	不限	1-3年	MySQL;Python;Angular;Nginx;Redis;Spring	头部大厂
西安	job_00909	产品经理	网易	8	13	不限	3-5年	Redis;TensorFlow;Git;Spark;Java;Vue	头部大厂
深圳	job_00910	Go开发工程师	蚂蚁集团	12	17	不限	5-10年	Spark;TensorFlow;PyTorch;Hadoop;Nginx;CI/CD	头部大厂
杭州	job_00911	数据分析师	某科技有限公司	14	22	硕士	3-5年	Flink;Go;Node.js;PyTorch	成长型企业
杭州	job_00912	测试工程师	京东	6	29	本科	应届	React;Python	头部大厂
杭州	job_00913	前端开发工程师	IBM	8	20	本科	5-10年	MySQL;CI/CD;Kubernetes;Spark;Go	中大型企业
天津	job_00914	Python工程师	蚂蚁集团	24	41	硕士	5-10年	Nginx;MySQL;Flask;Spark;Django;Docker	头部大厂
上海	job_00915	Python工程师	腾讯科技	17	34	不限	1年	PyTorch;Vue;Angular;Node.js;Flask;Redis	头部大厂
苏州	job_00916	iOS开发	拼多多	20	35	本科	应届	Flask;MySQL;Angular;Flink	头部大厂
上海	job_00917	Android开发	华为	17	40	大专	1-3年	Flink;Spring;CI/CD	头部大厂
西安	job_00918	运维工程师	创业团队	12	26	不限	1-3年	Node.js;TensorFlow;Java;Vue;Redis;Spark	中小-初创
重庆	job_00919	运维工程师	拼多多	9	16	硕士	1-3年	Vue;Django;Spark;Node.js;Linux;React	头部大厂
厦门	job_00920	算法工程师	腾讯科技	26	43	大专	3-5年	MongoDB;Vue;TensorFlow	头部大厂
长沙	job_00921	测试工程师	XX咨询有限公司	7	31	本科	应届	Nginx;CI/CD;Flask	成长型企业
上海	job_00922	安全工程师	哔哩哔哩	15	23	大专	3-5年	Git;MongoDB;Vue	头部大厂
杭州	job_00923	安全工程师	华为	26	32	大专	3-5年	Redis;Git;PyTorch;Angular;Docker	头部大厂
成都	job_00924	前端开发工程师	某科技有限公司	13	38	本科	应届	Nginx;Node.js;MongoDB	成长型企业
北京	job_00925	C++开发工程师	美团	18	32	硕士	5-10年	Django;Git;Redis;Kubernetes;MongoDB;Flask	头部大厂
天津	job_00926	运维工程师	哔哩哔哩	30	37	大专	3-5年	Hadoop;Spark;MongoDB;Java	头部大厂
苏州	job_00927	iOS开发	阿里巴巴	30	48	大专	3-5年	Flink;Django	头部大厂
广州	job_00928	iOS开发	哔哩哔哩	5	30	不限	5-10年	Python;Node.js;MongoDB;TensorFlow;Flink;React	头部大厂
长沙	job_00929	Android开发	XX咨询有限公司	9	15	硕士	1-3年	Java;MongoDB	成长型企业
苏州	job_00930	C++开发工程师	腾讯科技	22	47	本科	3-5年	Angular;React	头部大厂
天津	job_00931	Android开发	拼多多	11	31	本科	应届	Vue;React;MySQL;Java;Node.js;Spring	头部大厂
西安	job_00932	产品经理	阿里巴巴	14	35	大专	1年	PyTorch;Flink;Spring;Docker	头部大厂
北京	job_00933	产品经理	快手	17	35	硕士	1年	Hadoop;React;Python;PyTorch;Java;Node.js	头部大厂
广州	job_00934	运维工程师	快手	28	48	大专	3-5年	Nginx;Linux;Hadoop	头部大厂
深圳	job_00935	Java开发工程师	IBM	20	36	硕士	1-3年	Vue;Spring;MySQL;Node.js;CI/CD	中大型企业
青岛	job_00936	前端开发工程师	小米	24	38	大专	1-3年	React;Redis;Kubernetes	头部大厂
天津	job_00937	Android开发	网易	23	46	硕士	应届	Flink;Kubernetes;Spark;Go	头部大厂
北京	job_00938	Java开发工程师	小米	10	28	大专	1-3年	MongoDB;Flink;Python;Linux;CI/CD	头部大厂
北京	job_00939	算法工程师	快手	14	23	大专	3-5年	CI/CD;Spring;Hadoop;PyTorch;Node.js;TensorFlow	头部大厂
杭州	job_00940	Go开发工程师	蚂蚁集团	15	40	本科	5-10年	Flink;MySQL;Git;TensorFlow	头部大厂
长沙	job_00941	iOS开发	某科技有限公司	10	22	硕士	1年	Nginx;MySQL;Flink;Flask;CI/CD	成长型企业
深圳	job_00942	算法工程师	IBM	12	25	硕士	1年	Angular;PyTorch;Spark;Flask;Linux	中大型企业
南京	job_00943	Python工程师	IBM	11	33	硕士	1-3年	Spark;PyTorch	中大型企业
天津	job_00944	Java开发工程师	阿里巴巴	29	54	本科	5-10年	Kubernetes;Flink	头部大厂
南京	job_00945	安全工程师	某科技有限公司	9	25	不限	5-10年	Django;Python;PyTorch	成长型企业
青岛	job_00946	Java开发工程师	小米	21	36	本科	应届	Angular;Nginx;Django	头部大厂
天津	job_00947	C++开发工程师	美团	27	38	硕士	应届	Spark;MongoDB	头部大厂
广州	job_00948	Python工程师	微软中国	7	29	大专	3-5年	TensorFlow;React;Java;Nginx	中大型企业
长沙	job_00949	前端开发工程师	蚂蚁集团	12	32	硕士	1年	Python;Linux;CI/CD	头部大厂
南京	job_00950	算法工程师	腾讯科技	24	39	不限	1-3年	React;Vue;MySQL;Node.js;TensorFlow;PyTorch	头部大厂
武汉	job_00951	UI设计师	拼多多	24	43	大专	1-3年	Git;Docker;PyTorch;Redis;Flask;Node.js	头部大厂
杭州	job_00952	Android开发	小米	11	33	硕士	5-10年	MongoDB;Linux	头部大厂
天津	job_00953	安全工程师	字节跳动	30	36	本科	3-5年	Vue;Node.js;Flask;React;Python	头部大厂
武汉	job_00954	全栈工程师	微软中国	7	13	硕士	3-5年	Linux;Vue;Angular;Django;Redis;React	中大型企业
深圳	job_00955	测试工程师	拼多多	16	28	大专	1-3年	Redis;Hadoop	头部大厂
苏州	job_00956	运维工程师	蚂蚁集团	23	29	本科	5-10年	Vue;Django;CI/CD;Java	头部大厂
广州	job_00957	产品经理	网易	10	20	不限	应届	Spring;React;MongoDB;Kubernetes	头部大厂
武汉	job_00958	C++开发工程师	美团	27	34	大专	1-3年	TensorFlow;Vue;Spring;Django;MySQL;Redis	头部大厂
天津	job_00959	数据分析师	创业团队	28	37	本科	应届	Node.js;MongoDB;Django	中小-初创
天津	job_00960	iOS开发	快手	27	47	大专	1-3年	Python;Flink;Node.js	头部大厂
广州	job_00961	前端开发工程师	快手	15	40	硕士	应届	Django;Node.js;Docker	头部大厂
厦门	job_00962	全栈工程师	某科技有限公司	8	23	本科	应届	Flask;React	成长型企业
成都	job_00963	数据分析师	XX咨询有限公司	9	33	硕士	5-10年	Node.js;Linux;Java;MySQL	成长型企业
北京	job_00964	UI设计师	网易	24	36	硕士	5-10年	TensorFlow;Python	头部大厂
长沙	job_00965	安全工程师	华为	12	26	不限	1-3年	Java;React;Go	头部大厂
长沙	job_00966	前端开发工程师	美团	19	24	大专	1年	MongoDB;MySQL;Django	头部大厂
南京	job_00967	UI设计师	京东	20	26	本科	1-3年	Go;PyTorch;CI/CD;React;Spring;Node.js	头部大厂
长沙	job_00968	数据分析师	XX咨询有限公司	5	29	硕士	1年	MySQL;CI/CD;Hadoop;MongoDB;Flink;Kubernetes	成长型企业
杭州	job_00969	运维工程师	小米	19	30	本科	应届	Vue;Spring;Django;Nginx	头部大厂
厦门	job_00970	安全工程师	微软中国	17	37	不限	1-3年	Node.js;Python	中大型企业
青岛	job_00971	安全工程师	阿里巴巴	25	48	本科	应届	MySQL;Java;Python	头部大厂
深圳	job_00972	安全工程师	百度	9	32	本科	5-10年	TensorFlow;Flask	头部大厂
成都	job_00973	运维工程师	拼多多	15	39	大专	3-5年	Git;Spark;Hadoop;Java	头部大厂
广州	job_00974	测试工程师	华为	29	41	硕士	3-5年	Hadoop;React;Java;Git;Flink;Kubernetes	头部大厂
厦门	job_00975	产品经理	网易	10	35	硕士	5-10年	Angular;Node.js;Git;PyTorch;Java	头部大厂
北京	job_00976	运维工程师	腾讯科技	28	45	不限	5-10年	Spring;Nginx;Java;Vue	头部大厂
北京	job_00977	UI设计师	微软中国	26	41	不限	5-10年	Angular;MongoDB;Java;Flask;Vue;Linux	中大型企业
长沙	job_00978	产品经理	微软中国	23	44	本科	1年	Nginx;Go	中大型企业
上海	job_00979	测试工程师	美团	17	25	本科	1年	Node.js;PyTorch;Flask;Vue;Go	头部大厂
西安	job_00980	Java开发工程师	微软中国	16	36	本科	5-10年	Hadoop;Angular;Vue;MySQL	中大型企业
长沙	job_00981	运维工程师	百度	28	44	硕士	1-3年	Nginx;Flask	头部大厂
苏州	job_00982	Java开发工程师	蚂蚁集团	16	34	不限	1-3年	Angular;CI/CD;Git	头部大厂
成都	job_00983	Python工程师	IBM	21	26	硕士	1-3年	Go;Spark;TensorFlow;Hadoop	中大型企业
天津	job_00984	运维工程师	XX咨询有限公司	16	40	不限	应届	Node.js;Spring;Django;Angular;Docker;Kubernetes	成长型企业
长沙	job_00985	iOS开发	某科技有限公司	22	36	本科	应届	Flask;MySQL;CI/CD;MongoDB;Nginx;Go	成长型企业
北京	job_00986	算法工程师	蚂蚁集团	16	23	本科	5-10年	Spring;Vue	头部大厂
杭州	job_00987	测试工程师	蚂蚁集团	14	33	硕士	1年	MySQL;Spring;Linux	头部大厂
北京	job_00988	Python工程师	创业团队	23	30	本科	1年	Git;Flink	中小-初创
苏州	job_00989	算法工程师	华为	20	36	硕士	1-3年	Kubernetes;Flink;Vue;TensorFlow;Spring;CI/CD	头部大厂
西安	job_00990	Go开发工程师	拼多多	16	36	不限	5-10年	Linux;Django	头部大厂
西安	job_00991	Python工程师	XX咨询有限公司	6	28	大专	1年	Linux;Redis;Java;Nginx;Vue;Node.js	成长型企业
广州	job_00992	C++开发工程师	百度	28	47	大专	5-10年	MongoDB;Nginx;Spark;Hadoop	头部大厂
重庆	job_00993	前端开发工程师	拼多多	16	22	硕士	5-10年	Java;Redis;PyTorch	头部大厂
深圳	job_00994	运维工程师	创业团队	20	25	不限	应届	React;Spark;Docker	中小-初创
天津	job_00995	测试工程师	腾讯科技	14	35	不限	1年	TensorFlow;Spring;Flask;Node.js;PyTorch;Spark	头部大厂
重庆	job_00996	运维工程师	IBM	9	17	大专	1-3年	MySQL;React	中大型企业
天津	job_00997	运维工程师	美团	19	35	本科	3-5年	Spring;Linux;TensorFlow	头部大厂
长沙	job_00998	Go开发工程师	蚂蚁集团	5	16	硕士	应届	Go;React;MySQL;Spark	头部大厂
杭州	job_00999	前端开发工程师	腾讯科技	17	38	不限	1-3年	Spark;Git	头部大厂
杭州	job_01000	安全工程师	微软中国	8	30	不限	1-3年	Python;Node.js	中大型企业
武汉	job_01001	C++开发工程师	腾讯科技	28	37	本科	1-3年	Nginx;Node.js;Spring	头部大厂
南京	job_01002	iOS开发	某科技有限公司	21	33	硕士	3-5年	Spring;CI/CD;PyTorch	成长型企业
天津	job_01003	Java开发工程师	字节跳动	18	40	本科	1年	Spark;Hadoop;Git;Django;React	头部大厂
广州	job_01004	产品经理	网易	10	28	大专	1年	Spark;MongoDB	头部大厂
青岛	job_01005	iOS开发	快手	5	22	不限	1-3年	Spring;Flink	头部大厂
广州	job_01006	前端开发工程师	阿里巴巴	7	31	硕士	1年	Java;Node.js;Linux;Git;Spark;Python	头部大厂
杭州	job_01007	安全工程师	阿里巴巴	6	14	本科	3-5年	Node.js;MongoDB;Redis;Flink	头部大厂
杭州	job_01008	运维工程师	小米	20	38	不限	5-10年	Vue;React;Linux;Flask;Spring;CI/CD	头部大厂
广州	job_01009	UI设计师	华为	27	32	本科	5-10年	CI/CD;Hadoop	头部大厂
杭州	job_01010	UI设计师	创业团队	25	41	硕士	5-10年	Python;TensorFlow;Redis	中小-初创
成都	job_01011	C++开发工程师	蚂蚁集团	29	40	本科	5-10年	Java;Angular;CI/CD;Vue;Node.js	头部大厂
重庆	job_01012	运维工程师	蚂蚁集团	5	23	硕士	应届	MySQL;Flink;TensorFlow	头部大厂
北京	job_01013	数据分析师	百度	15	20	大专	1-3年	PyTorch;Go;Redis;Linux;React	头部大厂
北京	job_01014	前端开发工程师	美团	9	22	本科	5-10年	Spark;CI/CD;Node.js	头部大厂
成都	job_01015	C++开发工程师	字节跳动	20	41	大专	1-3年	React;Angular;Linux	头部大厂
青岛	job_01016	运维工程师	美团	8	22	本科	1-3年	Django;Vue;Spark	头部大厂
北京	job_01017	产品经理	创业团队	19	28	不限	应届	Hadoop;MySQL;Spring	中小-初创
南京	job_01018	C++开发工程师	字节跳动	24	39	不限	1-3年	Spark;TensorFlow;Go;React;Kubernetes	头部大厂
苏州	job_01019	运维工程师	百度	21	26	不限	应届	CI/CD;Nginx;Python	头部大厂
广州	job_01020	全栈工程师	小米	5	13	本科	5-10年	Flask;Linux;Kubernetes;PyTorch;Angular;Hadoop	头部大厂
厦门	job_01021	Python工程师	哔哩哔哩	5	14	硕士	1年	CI/CD;Java;Nginx;Go;TensorFlow	头部大厂
武汉	job_01022	UI设计师	京东	26	41	不限	应届	Django;Angular;Vue	头部大厂
厦门	job_01023	运维工程师	创业团队	18	27	本科	1年	Linux;Java;Git	中小-初创
重庆	job_01024	前端开发工程师	快手	19	42	大专	5-10年	React;Flask;Hadoop;CI/CD;PyTorch;Linux	头部大厂
重庆	job_01025	Android开发	网易	15	26	大专	3-5年	MongoDB;PyTorch;Kubernetes;Spark	头部大厂
青岛	job_01026	Python工程师	XX咨询有限公司	15	33	大专	1-3年	Nginx;Go;PyTorch;TensorFlow	成长型企业
广州	job_01027	全栈工程师	百度	9	32	大专	3-5年	Flask;MongoDB;Kubernetes	头部大厂
深圳	job_01028	前端开发工程师	美团	9	22	本科	5-10年	Kubernetes;Flask	头部大厂
杭州	job_01029	全栈工程师	阿里巴巴	22	45	大专	应届	Kubernetes;Spark;Hadoop;Angular;Docker	头部大厂
北京	job_01030	运维工程师	快手	16	35	硕士	5-10年	MySQL;Java;Flask;TensorFlow;Django;Git	头部大厂
上海	job_01031	产品经理	某科技有限公司	6	28	本科	5-10年	Kubernetes;Go	成长型企业
南京	job_01032	iOS开发	XX咨询有限公司	25	44	本科	1年	MongoDB;MySQL;PyTorch	成长型企业
青岛	job_01033	Android开发	网易	6	31	本科	5-10年	Flask;Spring;Java	头部大厂
武汉	job_01034	全栈工程师	腾讯科技	17	29	大专	5-10年	React;Go;Vue	头部大厂
深圳	job_01035	安全工程师	阿里巴巴	27	46	不限	5-10年	Angular;Python;Flink;Java	头部大厂
青岛	job_01036	UI设计师	快手	22	27	大专	应届	Redis;Node.js;MySQL;Vue;Python;Linux	头部大厂
北京	job_01037	iOS开发	蚂蚁集团	19	34	本科	1-3年	Redis;TensorFlow	头部大厂
天津	job_01038	数据分析师	百度	14	34	本科	1年	Docker;Hadoop;Angular;Spark	头部大厂
西安	job_01039	Python工程师	微软中国	7	18	大专	3-5年	Hadoop;Node.js	中大型企业
南京	job_01040	Python工程师	字节跳动	25	45	硕士	1年	Java;Hadoop;TensorFlow;Flask;Node.js;PyTorch	头部大厂
天津	job_01041	UI设计师	网易	20	38	硕士	1-3年	Java;CI/CD;Flask;Kubernetes;PyTorch	头部大厂
西安	job_01042	产品经理	快手	26	51	不限	应届	MySQL;MongoDB;Hadoop;Spring;Angular;Nginx	头部大厂
长沙	job_01043	Python工程师	京东	11	19	本科	1年	Kubernetes;Flask;Go;Vue;Node.js;Spring	头部大厂
成都	job_01044	运维工程师	字节跳动	26	50	硕士	1-3年	Flask;Nginx;Docker;Node.js;MySQL	头部大厂
广州	job_01045	Android开发	京东	5	25	硕士	5-10年	Flask;Docker	头部大厂
北京	job_01046	Go开发工程师	华为	11	20	本科	1-3年	Node.js;Redis;Angular	头部大厂
青岛	job_01047	iOS开发	阿里巴巴	10	21	硕士	5-10年	PyTorch;Redis;Angular;Flink;Node.js	头部大厂
武汉	job_01048	Android开发	美团	22	40	不限	1年	MongoDB;Java;React;Spark;Flask	头部大厂
西安	job_01049	测试工程师	哔哩哔哩	30	46	硕士	1年	Docker;Java;MySQL;CI/CD	头部大厂
南京	job_01050	安全工程师	拼多多	10	34	本科	5-10年	Flink;Spring;Linux;Django;Docker	头部大厂
成都	job_01051	测试工程师	IBM	12	33	硕士	5-10年	PyTorch;Angular;Kubernetes;Python;MongoDB;Docker	中大型企业
厦门	job_01052	产品经理	IBM	18	34	硕士	3-5年	React;Nginx;Spring;MySQL;PyTorch	中大型企业
天津	job_01053	Java开发工程师	京东	13	24	不限	5-10年	Nginx;Angular	头部大厂
青岛	job_01054	全栈工程师	华为	10	29	大专	1-3年	Go;Java;Docker	头部大厂
深圳	job_01055	数据分析师	阿里巴巴	21	34	大专	3-5年	Go;Spring;Kubernetes;PyTorch;MongoDB;Hadoop	头部大厂
苏州	job_01056	Android开发	网易	25	36	不限	1年	Spark;Spring;Hadoop;Git	头部大厂
北京	job_01057	Python工程师	某科技有限公司	16	36	本科	应届	Flask;Git;TensorFlow;Kubernetes;Node.js	成长型企业
苏州	job_01058	数据分析师	创业团队	24	32	不限	5-10年	Java;Linux;Git;Kubernetes	中小-初创
深圳	job_01059	运维工程师	某科技有限公司	22	44	大专	1-3年	MySQL;React;Spark;MongoDB	成长型企业
重庆	job_01060	Android开发	小米	10	27	大专	3-5年	MySQL;Go	头部大厂
深圳	job_01061	Go开发工程师	字节跳动	13	32	大专	5-10年	Java;PyTorch;Kubernetes;Angular;React	头部大厂
杭州	job_01062	iOS开发	哔哩哔哩	14	28	本科	1年	Spring;Kubernetes;React;MySQL;MongoDB;Java	头部大厂
西安	job_01063	Python工程师	微软中国	23	36	本科	应届	Flask;Flink;Kubernetes;Java;Docker	中大型企业
上海	job_01064	Python工程师	拼多多	14	25	大专	应届	Redis;Spring;Docker;Vue;TensorFlow;Git	头部大厂
杭州	job_01065	前端开发工程师	字节跳动	22	41	不限	5-10年	Kubernetes;Flask;PyTorch;Vue	头部大厂
青岛	job_01066	前端开发工程师	网易	8	20	硕士	1年	CI/CD;Node.js;React	头部大厂
苏州	job_01067	前端开发工程师	小米	18	33	大专	5-10年	Flask;CI/CD;Python;Vue	头部大厂
北京	job_01068	Android开发	京东	25	39	不限	1-3年	Hadoop;Kubernetes;Vue;React	头部大厂
深圳	job_01069	运维工程师	美团	26	43	硕士	5-10年	Python;Angular;PyTorch;Hadoop;TensorFlow	头部大厂
北京	job_01070	Android开发	网易	7	30	大专	1年	Kubernetes;Hadoop	头部大厂
重庆	job_01071	UI设计师	某科技有限公司	30	37	硕士	应届	Nginx;React;MongoDB;CI/CD	成长型企业
苏州	job_01072	测试工程师	某科技有限公司	16	30	硕士	1年	Django;Spring	成长型企业
杭州	job_01073	测试工程师	美团	6	20	本科	1-3年	Git;Node.js;Spark;Docker	头部大厂
厦门	job_01074	Java开发工程师	蚂蚁集团	10	16	硕士	5-10年	Git;Flink;Vue;TensorFlow;Redis	头部大厂
深圳	job_01075	Python工程师	某科技有限公司	20	39	硕士	应届	CI/CD;Flask;Angular;Docker;Spring	成长型企业
苏州	job_01076	运维工程师	阿里巴巴	30	47	本科	1-3年	Spring;Nginx;Node.js;Spark;Go;Linux	头部大厂
南京	job_01077	Android开发	小米	23	42	本科	应届	Hadoop;Java;Git	头部大厂
厦门	job_01078	C++开发工程师	快手	27	46	硕士	5-10年	Spark;Flink;React	头部大厂
深圳	job_01079	Java开发工程师	腾讯科技	17	33	硕士	1年	Python;Hadoop;MongoDB;PyTorch	头部大厂
杭州	job_01080	运维工程师	阿里巴巴	19	42	硕士	3-5年	MySQL;CI/CD;Angular;TensorFlow	头部大厂
杭州	job_01081	Python工程师	腾讯科技	25	50	本科	3-5年	TensorFlow;Java;Python	头部大厂
青岛	job_01082	全栈工程师	京东	20	39	不限	1年	MySQL;Redis;Docker;MongoDB	头部大厂
苏州	job_01083	测试工程师	阿里巴巴	19	24	本科	1年	Go;Hadoop;PyTorch;Node.js;Spring	头部大厂
广州	job_01084	Java开发工程师	拼多多	8	33	大专	1年	Vue;React;MongoDB;PyTorch;Flink	头部大厂
厦门	job_01085	Go开发工程师	创业团队	21	43	大专	3-5年	Spark;Hadoop;Flask	中小-初创
广州	job_01086	前端开发工程师	百度	9	27	本科	5-10年	Flask;Django	头部大厂
成都	job_01087	Python工程师	微软中国	21	28	本科	5-10年	Angular;Kubernetes;React;MongoDB;Django;Spark	中大型企业
南京	job_01088	安全工程师	字节跳动	16	26	本科	5-10年	Node.js;Flink;Flask;Django;Git;Vue	头部大厂
西安	job_01089	测试工程师	腾讯科技	29	36	硕士	1-3年	Java;CI/CD;Flask	头部大厂
重庆	job_01090	iOS开发	腾讯科技	26	43	硕士	3-5年	Kubernetes;Hadoop	头部大厂
广州	job_01091	产品经理	腾讯科技	23	45	硕士	5-10年	Nginx;Git;Go;Docker;Kubernetes	头部大厂
青岛	job_01092	算法工程师	快手	26	31	大专	5-10年	CI/CD;Java;Redis;Flink;Hadoop	头部大厂
北京	job_01093	算法工程师	百度	21	27	硕士	应届	Spring;React;Angular;CI/CD;Flink	头部大厂
武汉	job_01094	iOS开发	IBM	27	40	硕士	1年	Java;React;Spark	中大型企业
南京	job_01095	Android开发	某科技有限公司	17	22	不限	1-3年	Django;Flask	成长型企业
武汉	job_01096	Python工程师	字节跳动	11	31	硕士	1-3年	Nginx;Linux;Flink;MongoDB	头部大厂
长沙	job_01097	运维工程师	华为	19	24	大专	1年	MongoDB;PyTorch;TensorFlow;Spark	头部大厂
杭州	job_01098	产品经理	IBM	11	16	大专	1-3年	Vue;Angular;Python;Git	中大型企业
天津	job_01099	C++开发工程师	小米	29	36	大专	应届	Java;TensorFlow;Angular;Docker	头部大厂
杭州	job_01100	产品经理	网易	25	31	硕士	1年	Angular;Docker;Spring	头部大厂
青岛	job_01101	Go开发工程师	微软中国	10	34	大专	5-10年	Kubernetes;Python;Linux;Flask	中大型企业
南京	job_01102	数据分析师	哔哩哔哩	15	38	本科	3-5年	Docker;MySQL;Linux;Spring;TensorFlow;Kubernetes	头部大厂
重庆	job_01103	iOS开发	创业团队	9	32	硕士	3-5年	CI/CD;Python;Angular;Nginx;Vue	中小-初创
厦门	job_01104	全栈工程师	蚂蚁集团	27	37	硕士	3-5年	Django;CI/CD;Spark;Angular;MongoDB	头部大厂
南京	job_01105	UI设计师	京东	12	37	不限	3-5年	Redis;Python;Django;Kubernetes;React	头部大厂
西安	job_01106	运维工程师	蚂蚁集团	6	13	大专	1年	Go;Vue;MongoDB;MySQL;CI/CD	头部大厂
苏州	job_01107	全栈工程师	XX咨询有限公司	27	35	硕士	1-3年	Angular;Linux;TensorFlow;Spark;PyTorch	成长型企业
成都	job_01108	Python工程师	小米	17	38	不限	1-3年	Angular;MySQL;TensorFlow	头部大厂
长沙	job_01109	iOS开发	字节跳动	23	29	不限	应届	Kubernetes;Spring	头部大厂
西安	job_01110	全栈工程师	网易	25	47	不限	1-3年	Angular;MongoDB	头部大厂
南京	job_01111	iOS开发	IBM	27	51	硕士	5-10年	Java;Flink;Node.js	中大型企业
长沙	job_01112	运维工程师	快手	15	23	硕士	1-3年	Kubernetes;Linux	头部大厂
北京	job_01113	Android开发	小米	21	42	硕士	5-10年	CI/CD;Angular	头部大厂
成都	job_01114	UI设计师	小米	21	32	不限	应届	Nginx;MongoDB;Redis;MySQL;React;Python	头部大厂
天津	job_01115	Android开发	某科技有限公司	14	28	本科	5-10年	Django;MongoDB;PyTorch	成长型企业
南京	job_01116	C++开发工程师	微软中国	9	17	硕士	5-10年	PyTorch;Linux;Docker;MongoDB;Kubernetes	中大型企业
重庆	job_01117	前端开发工程师	快手	22	34	不限	1年	Flask;Redis;Django;Python	头部大厂
长沙	job_01118	数据分析师	拼多多	17	33	本科	5-10年	Python;Spark;Django;React	头部大厂
重庆	job_01119	运维工程师	哔哩哔哩	7	14	本科	1年	MongoDB;Redis;TensorFlow;Node.js	头部大厂
天津	job_01120	C++开发工程师	网易	30	48	硕士	5-10年	Django;Nginx;Python;MySQL;Node.js;Spring	头部大厂
西安	job_01121	测试工程师	小米	18	34	硕士	1年	Angular;Flask;Spark;CI/CD;Linux	头部大厂
西安	job_01122	测试工程师	微软中国	22	29	本科	1-3年	Flink;Spark;MongoDB;Linux;Python;Node.js	中大型企业
武汉	job_01123	C++开发工程师	XX咨询有限公司	13	30	本科	1年	Flink;Flask;Docker;Java;Vue;Linux	成长型企业
苏州	job_01124	算法工程师	阿里巴巴	24	39	本科	1-3年	React;PyTorch;Python;Kubernetes;Go;Spring	头部大厂
上海	job_01125	Python工程师	哔哩哔哩	10	15	大专	应届	Go;React;Nginx	头部大厂
武汉	job_01126	UI设计师	美团	20	43	不限	1-3年	Spark;Java;React	头部大厂
长沙	job_01127	iOS开发	快手	9	31	不限	1-3年	MongoDB;Nginx;Node.js	头部大厂
北京	job_01128	前端开发工程师	拼多多	7	14	硕士	5-10年	Flink;Redis	头部大厂
长沙	job_01129	算法工程师	阿里巴巴	7	28	本科	1-3年	TensorFlow;Python;Docker	头部大厂
西安	job_01130	iOS开发	腾讯科技	25	49	本科	1-3年	Linux;TensorFlow	头部大厂
青岛	job_01131	Android开发	蚂蚁集团	18	24	硕士	1-3年	TensorFlow;Kubernetes;Hadoop;Spark;Nginx;Python	头部大厂
成都	job_01132	数据分析师	哔哩哔哩	11	25	硕士	5-10年	CI/CD;Python;Node.js;Nginx;TensorFlow;PyTorch	头部大厂
厦门	job_01133	产品经理	京东	13	20	硕士	3-5年	Linux;Spring;Vue;Flink	头部大厂
广州	job_01134	前端开发工程师	京东	15	32	大专	1年	Git;Go;Spring;Kubernetes;Python;Flask	头部大厂
西安	job_01135	数据分析师	小米	24	34	大专	1-3年	Spark;Flink;Node.js;Nginx;Hadoop;PyTorch	头部大厂
青岛	job_01136	Android开发	京东	16	35	硕士	应届	Go;MySQL;Flink	头部大厂
天津	job_01137	Android开发	字节跳动	23	33	本科	3-5年	Redis;Flink;Kubernetes;Java	头部大厂
天津	job_01138	前端开发工程师	华为	22	46	本科	1年	Docker;Redis;MongoDB;Hadoop;TensorFlow;Flask	头部大厂
武汉	job_01139	算法工程师	美团	8	29	不限	1年	Node.js;Spark	头部大厂
西安	job_01140	安全工程师	拼多多	13	28	本科	1年	Python;Nginx;Vue;Spark;PyTorch	头部大厂
青岛	job_01141	测试工程师	字节跳动	26	50	不限	5-10年	Flask;React;PyTorch;TensorFlow	头部大厂
青岛	job_01142	安全工程师	微软中国	17	31	不限	3-5年	Vue;Python;Flink;TensorFlow;Spring;Redis	中大型企业
杭州	job_01143	算法工程师	腾讯科技	10	24	大专	3-5年	Redis;PyTorch;Django;Vue	头部大厂
深圳	job_01144	全栈工程师	京东	15	34	本科	1-3年	Hadoop;Git;Redis	头部大厂
西安	job_01145	iOS开发	某科技有限公司	5	24	不限	应届	Spark;CI/CD;Node.js	成长型企业
北京	job_01146	C++开发工程师	哔哩哔哩	17	22	本科	1-3年	CI/CD;MySQL;Flink;Go;PyTorch;Docker	头部大厂
重庆	job_01147	前端开发工程师	小米	17	39	不限	1-3年	Flink;TensorFlow	头部大厂
厦门	job_01148	Java开发工程师	字节跳动	21	39	硕士	3-5年	Flink;Redis;MySQL;CI/CD;PyTorch	头部大厂
天津	job_01149	UI设计师	哔哩哔哩	20	45	大专	3-5年	Spark;Redis;Docker;Hadoop;Nginx;PyTorch	头部大厂
杭州	job_01150	全栈工程师	XX咨询有限公司	28	34	硕士	1-3年	Git;Python;Hadoop;Go;TensorFlow;Django	成长型企业
天津	job_01151	Python工程师	阿里巴巴	10	31	大专	5-10年	Redis;Git;Hadoop;Linux;Spark;CI/CD	头部大厂
武汉	job_01152	前端开发工程师	拼多多	13	23	本科	3-5年	CI/CD;Linux;Kubernetes	头部大厂
广州	job_01153	Android开发	字节跳动	27	37	本科	3-5年	Node.js;CI/CD;React;Flask	头部大厂
长沙	job_01154	产品经理	腾讯科技	6	29	硕士	5-10年	Linux;Django;CI/CD;MongoDB	头部大厂
广州	job_01155	数据分析师	某科技有限公司	9	21	硕士	5-10年	Flask;Go;Kubernetes;Flink;PyTorch;Python	成长型企业
深圳	job_01156	产品经理	创业团队	25	34	硕士	1-3年	React;MySQL	中小-初创
厦门	job_01157	算法工程师	IBM	20	27	不限	应届	Node.js;Go	中大型企业
厦门	job_01158	UI设计师	京东	18	32	大专	3-5年	Python;CI/CD;Flink;Hadoop;Nginx;Node.js	头部大厂
天津	job_01159	测试工程师	微软中国	24	39	硕士	3-5年	MySQL;Python;Angular;Node.js;Vue;Django	中大型企业
杭州	job_01160	UI设计师	微软中国	6	23	不限	应届	Spring;Kubernetes	中大型企业
武汉	job_01161	数据分析师	阿里巴巴	13	24	不限	应届	Go;CI/CD	头部大厂
长沙	job_01162	Java开发工程师	阿里巴巴	13	18	大专	5-10年	Linux;Kubernetes;Flask;TensorFlow	头部大厂
青岛	job_01163	Java开发工程师	蚂蚁集团	18	43	大专	5-10年	Spring;CI/CD	头部大厂
广州	job_01164	Go开发工程师	腾讯科技	27	33	不限	5-10年	Docker;React;MySQL;Nginx;Redis	头部大厂
重庆	job_01165	C++开发工程师	IBM	18	34	不限	3-5年	Nginx;Java;Node.js;Flink;Python	中大型企业
长沙	job_01166	UI设计师	阿里巴巴	19	35	硕士	1年	Kubernetes;CI/CD;Angular	头部大厂
武汉	job_01167	算法工程师	百度	15	21	硕士	5-10年	Angular;Flink;TensorFlow;Redis;Vue	头部大厂
武汉	job_01168	运维工程师	XX咨询有限公司	20	27	大专	3-5年	MySQL;Spark;Nginx	成长型企业
南京	job_01169	数据分析师	华为	30	54	硕士	1年	Spark;Node.js;Linux	头部大厂
广州	job_01170	UI设计师	华为	25	46	硕士	3-5年	Spark;PyTorch;Kubernetes;TensorFlow;Linux;MongoDB	头部大厂
天津	job_01171	Go开发工程师	网易	26	42	大专	1年	Linux;MySQL	头部大厂
广州	job_01172	UI设计师	百度	15	25	硕士	5-10年	PyTorch;Kubernetes	头部大厂
成都	job_01173	算法工程师	创业团队	19	26	硕士	1-3年	Angular;CI/CD;Python;MySQL;TensorFlow;PyTorch	中小-初创
成都	job_01174	Java开发工程师	微软中国	13	19	大专	1-3年	Kubernetes;Angular	中大型企业
长沙	job_01175	Java开发工程师	美团	11	31	硕士	应届	Nginx;React;Vue;Node.js;Spring	头部大厂
苏州	job_01176	产品经理	字节跳动	8	32	不限	应届	Flink;Java	头部大厂
上海	job_01177	Android开发	美团	19	36	本科	5-10年	Kubernetes;Hadoop;Flink	头部大厂
北京	job_01178	算法工程师	百度	24	41	大专	1-3年	Django;Kubernetes;TensorFlow;Node.js;CI/CD;Go	头部大厂
深圳	job_01179	前端开发工程师	快手	12	24	本科	1年	Node.js;Flask;Git;Flink;Hadoop;Python	头部大厂
长沙	job_01180	前端开发工程师	快手	15	39	本科	1年	Git;React;Kubernetes;Spring;CI/CD;Flask	头部大厂
杭州	job_01181	产品经理	IBM	17	39	大专	5-10年	Go;Hadoop;PyTorch;Flask;Spark;Python	中大型企业
上海	job_01182	数据分析师	XX咨询有限公司	25	45	大专	3-5年	Spark;Angular;Go	成长型企业
长沙	job_01183	产品经理	哔哩哔哩	12	21	不限	应届	MySQL;Kubernetes	头部大厂
成都	job_01184	前端开发工程师	拼多多	16	28	硕士	3-5年	Docker;Hadoop;Python	头部大厂
成都	job_01185	产品经理	创业团队	19	30	本科	5-10年	Go;Linux;Flask	中小-初创
青岛	job_01186	算法工程师	网易	9	22	大专	应届	Redis;Django;TensorFlow;Angular	头部大厂
重庆	job_01187	Java开发工程师	哔哩哔哩	17	32	大专	1年	Spark;TensorFlow;Hadoop;React	头部大厂
苏州	job_01188	Go开发工程师	快手	23	33	大专	3-5年	Spring;PyTorch;Python;Vue	头部大厂
西安	job_01189	运维工程师	哔哩哔哩	11	26	大专	1-3年	Git;Hadoop;Nginx	头部大厂
西安	job_01190	运维工程师	腾讯科技	26	42	硕士	1-3年	MongoDB;Flink;Python;Django;Docker;Kubernetes	头部大厂
重庆	job_01191	Android开发	字节跳动	24	44	不限	1年	Redis;Linux	头部大厂
成都	job_01192	全栈工程师	美团	18	26	本科	5-10年	React;MySQL;Angular;Kubernetes;CI/CD;Spark	头部大厂
厦门	job_01193	Python工程师	创业团队	9	32	大专	1年	MongoDB;Node.js;PyTorch	中小-初创
南京	job_01194	全栈工程师	百度	28	43	本科	3-5年	Django;Kubernetes;Go;Docker;Vue	头部大厂
北京	job_01195	Python工程师	IBM	13	18	本科	5-10年	Git;React;Node.js;Flink	中大型企业
西安	job_01196	数据分析师	华为	17	34	本科	3-5年	MySQL;Kubernetes;Redis;Python;Django;MongoDB	头部大厂
天津	job_01197	测试工程师	字节跳动	14	20	大专	1-3年	MongoDB;TensorFlow;Java;Node.js	头部大厂
苏州	job_01198	Go开发工程师	字节跳动	19	36	硕士	1-3年	Flask;Angular;Spark;Node.js;Linux;TensorFlow	头部大厂
深圳	job_01199	测试工程师	快手	30	51	大专	1年	Vue;Docker;Nginx;React;Java;Node.js	头部大厂
