job_id	skills
1	java;spring;微服务;mysql;linux
2	java;分布式;kafka;redis;微服务
3	python;机器学习;spark;hadoop
4	java;spring;mybatis;mysql
5	python;机器学习;深度学习;tensorflow
6	java;微服务;docker;k8s;spring
7	python;数据分析;pandas;numpy;sql
8	java;分布式;redis;kafka;mysql
9	python;机器学习;spark;sql;hadoop
10	java;spring;mysql;linux;docker
11	前端;vue;javascript;css;html
12	python;数据分析;可视化;tableau;sql
13	java;微服务;docker;redis;spring
14	python;机器学习;深度学习;pytorch;numpy
15	java;分布式;redis;kafka;微服务;spring
16	python;数据分析;pandas;matplotlib;sql
17	前端;vue;react;javascript;css
18	java;spring;mybatis;mysql;linux
19	python;机器学习;spark;hadoop;hive
20	java;微服务;docker;k8s;spring;mysql
21	前端;vue;javascript;webpack;css
22	python;深度学习;pytorch;tensorflow;numpy
23	java;分布式;redis;kafka;spring
24	python;数据分析;sql;tableau;excel
25	java;spring;微服务;mysql;redis;docker
26	前端;react;javascript;typescript;css
27	python;机器学习;spark;hadoop;kafka
28	java;分布式;微服务;spring;kafka;redis
29	python;数据分析;pandas;numpy;可视化
30	java;spring;mybatis;mysql;linux;docker
